id,date_time,resp,time,round time,time tms,date,
CTO_6,2017.06.06 09:00,0.51,11:07,11:00,09:00,2017.06.06,
CTO_7,2017.06.06 09:15,0.14,11:15,11:15,09:15,2017.06.06,
CTO_8,2017.06.06 09:15,0.51,11:18,11:15,09:15,2017.06.06,
CTO_9,2017.06.06 09:15,0.54,11:22,11:15,09:15,2017.06.06,
CTO_10,2017.06.06 09:30,0.34,11:26,11:30,09:30,2017.06.06,
PLO_6,2017.06.06 09:45,0.73,11:50,11:45,09:45,2017.06.06,
PLO_7,2017.06.06 09:45,0.51,11:46,11:45,09:45,2017.06.06,
PLO_8,2017.06.06 09:45,0.2,11:42,11:45,09:45,2017.06.06,
PLO_9,2017.06.06 09:30,0.16,11:37,11:30,09:30,2017.06.06,
PLO_10,2017.06.06 09:30,0.13,11:32,11:30,09:30,2017.06.06,
CTA_6,2017.06.06 10:30,0.45,12:36,12:30,10:30,2017.06.06,
CTA_7,2017.06.06 10:30,0.38,12:32,12:30,10:30,2017.06.06,
CTA_8,2017.06.06 10:30,0.29,12:24,12:30,10:30,2017.06.06,
CTA_9,2017.06.06 10:30,0.25,12:24,12:30,10:30,2017.06.06,
CTA_10,2017.06.06 10:15,0.45,12:19,12:15,10:15,2017.06.06,
PLA_6,2017.06.06 10:00,0.37,11:57,12:00,10:00,2017.06.06,
PLA_7,2017.06.06 10:00,0.32,12:01,12:00,10:00,2017.06.06,
PLA_8,2017.06.06 10:00,0.3,12:05,12:00,10:00,2017.06.06,
PLA_9,2017.06.06 10:15,0.32,12:10,12:15,10:15,2017.06.06,
PLA_10,2017.06.06 10:15,0.59,12:14,12:15,10:15,2017.06.06,
CTC_1,2017.06.06 10:45,0.91,12:47,12:45,10:45,2017.06.06,
CTC_2,2017.06.06 10:45,0.71,12:51,12:45,10:45,2017.06.06,
CTC_3,2017.06.06 11:00,0.73,12:56,13:00,11:00,2017.06.06,
CTC_4,2017.06.06 11:00,0.72,13:00,13:00,11:00,2017.06.06,
CTC_5,2017.06.06 11:00,0.81,13:06,13:00,11:00,2017.06.06,
CTO_6,2017.06.06 11:30,0.35,13:37,13:30,11:30,2017.06.06,
CTO_7,2017.06.06 11:30,0.13,13:32,13:30,11:30,2017.06.06,
CTO_8,2017.06.06 11:30,0.79,13:27,13:30,11:30,2017.06.06,
CTO_9,2017.06.06 11:15,0.5,13:19,13:15,11:15,2017.06.06,
CTO_10,2017.06.06 11:15,0.31,13:14,13:15,11:15,2017.06.06,
PLO_6,2017.06.06 11:45,0.8,13:43,13:45,11:45,2017.06.06,
PLO_7,2017.06.06 11:45,0.54,13:48,13:45,11:45,2017.06.06,
PLO_8,2017.06.06 12:00,0.17,13:54,14:00,12:00,2017.06.06,
PLO_9,2017.06.06 12:00,0.14,13:59,14:00,12:00,2017.06.06,
PLO_10,2017.06.06 12:00,0.19,14:04,14:00,12:00,2017.06.06,
CTA_6,2017.06.06 12:30,0.41,14:27,14:30,12:30,2017.06.06,
CTA_7,2017.06.06 12:15,0.3,14:22,14:15,12:15,2017.06.06,
CTA_8,2017.06.06 12:15,0.35,14:18,14:15,12:15,2017.06.06,
CTA_9,2017.06.06 12:15,0.21,14:13,14:15,12:15,2017.06.06,
CTA_10,2017.06.06 12:15,0.39,14:09,14:15,12:15,2017.06.06,
PLA_6,2017.06.06 12:30,0.36,14:32,14:30,12:30,2017.06.06,
PLA_7,2017.06.06 12:30,0.31,14:36,14:30,12:30,2017.06.06,
PLA_8,2017.06.06 12:45,0.35,14:40,14:45,12:45,2017.06.06,
PLA_9,2017.06.06 12:45,0.34,14:45,14:45,12:45,2017.06.06,
PLA_10,2017.06.06 12:45,0.36,14:50,14:45,12:45,2017.06.06,
CTC_1,2017.06.06 14:00,0.56,15:56,16:00,14:00,2017.06.06,
CTC_2,2017.06.06 13:15,0.48,15:11,15:15,13:15,2017.06.06,
CTC_3,2017.06.06 13:00,0.53,15:05,15:00,13:00,2017.06.06,
CTC_4,2017.06.06 13:00,0.51,15:00,15:00,13:00,2017.06.06,
CTC_5,2017.06.06 13:00,0.64,14:56,15:00,13:00,2017.06.06,
CTO_1,2017.06.09 08:45,0.11,10:38,10:45,08:45,2017.06.09,
PLO_1,2017.06.09 08:45,0.16,10:44,10:45,08:45,2017.06.09,
CTA_1,2017.06.09 08:45,0.17,10:49,10:45,08:45,2017.06.09,
PLA_1,2017.06.09 09:00,0.18,10:53,11:00,09:00,2017.06.09,
PLC_1,2017.06.09 09:00,1.02,10:58,11:00,09:00,2017.06.09,
CTO_2,2017.06.09 09:00,0.16,11:05,11:00,09:00,2017.06.09,
PLO_2,2017.06.09 09:15,0.17,11:09,11:15,09:15,2017.06.09,
CTA_2,2017.06.09 09:15,0.18,11:14,11:15,09:15,2017.06.09,
PLA_2,2017.06.09 09:15,0.25,11:18,11:15,09:15,2017.06.09,
PLC_2,2017.06.09 09:30,0.68,11:23,11:30,09:30,2017.06.09,
CTO_3,2017.06.09 09:30,0.41,11:27,11:30,09:30,2017.06.09,
PLO_3,2017.06.09 09:30,0.23,11:33,11:30,09:30,2017.06.09,
CTA_3,2017.06.09 09:45,0.29,11:38,11:45,09:45,2017.06.09,
PLA_3,2017.06.09 09:45,0.22,11:42,11:45,09:45,2017.06.09,
PLC_3,2017.06.09 09:45,1.04,11:47,11:45,09:45,2017.06.09,
CTO_4,2017.06.09 10:00,0.39,11:53,12:00,10:00,2017.06.09,
PLO_4,2017.06.09 10:00,0.52,11:58,12:00,10:00,2017.06.09,
CTA_4,2017.06.09 10:00,0.44,12:03,12:00,10:00,2017.06.09,
PLA_4,2017.06.09 10:00,0.36,12:07,12:00,10:00,2017.06.09,
PLC_4,2017.06.09 10:15,0.71,12:12,12:15,10:15,2017.06.09,
CTO_5,2017.06.09 10:15,0.29,12:18,12:15,10:15,2017.06.09,
PLO_5,2017.06.09 10:15,0.21,12:22,12:15,10:15,2017.06.09,
CTA_5,2017.06.09 10:30,0.26,12:27,12:30,10:30,2017.06.09,
PLA_5,2017.06.09 10:30,0.2,12:31,12:30,10:30,2017.06.09,
PLC_5,2017.06.09 10:30,0.54,12:36,12:30,10:30,2017.06.09,
CTO_1,2017.06.09 10:45,0.19,12:46,12:45,10:45,2017.06.09,
PLO_1,2017.06.09 10:45,0.25,12:50,12:45,10:45,2017.06.09,
CTA_1,2017.06.09 11:00,0.29,12:56,13:00,11:00,2017.06.09,
PLA_1,2017.06.09 11:00,0.22,13:01,13:00,11:00,2017.06.09,
PLC_1,2017.06.09 11:00,0.92,13:06,13:00,11:00,2017.06.09,
CTO_2,2017.06.09 11:15,0.13,13:14,13:15,11:15,2017.06.09,
PLO_2,2017.06.09 11:15,0.12,13:20,13:15,11:15,2017.06.09,
CTA_2,2017.06.09 11:30,0.18,13:24,13:30,11:30,2017.06.09,
PLA_2,2017.06.09 11:30,0.33,13:28,13:30,11:30,2017.06.09,
PLC_2,2017.06.09 11:30,0.44,13:33,13:30,11:30,2017.06.09,
CTO_3,2017.06.09 11:45,0.53,13:39,13:45,11:45,2017.06.09,
PLO_3,2017.06.09 11:45,0.35,13:43,13:45,11:45,2017.06.09,
CTA_3,2017.06.09 11:45,0.57,13:48,13:45,11:45,2017.06.09,
PLA_3,2017.06.09 12:00,0.28,13:53,14:00,12:00,2017.06.09,
PLC_3,2017.06.09 12:00,1.23,13:59,14:00,12:00,2017.06.09,
CTO_4,2017.06.09 12:00,0.41,14:06,14:00,12:00,2017.06.09,
PLO_4,2017.06.09 12:15,0.59,14:12,14:15,12:15,2017.06.09,
CTA_4,2017.06.09 12:15,0.49,14:16,14:15,12:15,2017.06.09,
PLA_4,2017.06.09 12:15,0.46,14:21,14:15,12:15,2017.06.09,
PLC_4,2017.06.09 12:30,0.63,14:26,14:30,12:30,2017.06.09,
CTO_5,2017.06.09 12:30,0.28,14:32,14:30,12:30,2017.06.09,
PLO_5,2017.06.09 12:30,0.23,14:37,14:30,12:30,2017.06.09,
CTA_5,2017.06.09 12:45,0.24,14:42,14:45,12:45,2017.06.09,
PLA_5,2017.06.09 12:45,0.19,14:47,14:45,12:45,2017.06.09,
PLC_5,2017.06.09 12:45,0.47,14:51,14:45,12:45,2017.06.09,
CTO_1,2017.08.02 08:30,0.2,10:23,10:30,08:30,2017.08.02,
CTO_1,2017.08.02 10:45,0.02,12:40,12:45,10:45,2017.08.02,
CTO_1,2017.08.02 12:15,0.26,14:20,14:15,12:15,2017.08.02,
PLO_1,2017.08.02 08:30,0.25,10:32,10:30,08:30,2017.08.02,
PLO_1,2017.08.02 10:45,0.32,12:44,12:45,10:45,2017.08.02,
PLO_1,2017.08.02 12:15,0.28,14:20,14:15,12:15,2017.08.02,
CTA_1,2017.08.02 08:30,0.35,10:37,10:30,08:30,2017.08.02,
CTA_1,2017.08.02 10:45,0.2,12:40,12:45,10:45,2017.08.02,
CTA_1,2017.08.02 12:30,0.36,14:24,14:30,12:30,2017.08.02,
PLA_1,2017.08.02 08:45,0.4,10:42,10:45,08:45,2017.08.02,
PLA_1,2017.08.02 10:45,0.44,12:40,12:45,10:45,2017.08.02,
PLA_1,2017.08.02 12:30,0.39,14:29,14:30,12:30,2017.08.02,
PL_C1,2017.08.02 08:45,0.7,10:47,10:45,08:45,2017.08.02,
PL_C1,2017.08.02 10:45,0.84,12:48,12:45,10:45,2017.08.02,
PL_C1,2017.08.02 12:15,0.78,14:13,14:15,12:15,2017.08.02,
CTO_2,2017.08.02 09:00,0.19,10:57,11:00,09:00,2017.08.02,
CTO_2,2017.08.02 11:00,0.24,13:01,13:00,11:00,2017.08.02,
CTO_2,2017.08.02 12:45,0.13,14:41,14:45,12:45,2017.08.02,
PLO_2,2017.08.02 09:00,0.24,11:06,11:00,09:00,2017.08.02,
PLO_2,2017.08.02 11:00,0.25,13:03,13:00,11:00,2017.08.02,
PLO_2,2017.08.02 12:30,0.24,14:36,14:30,12:30,2017.08.02,
CTA_2,2017.08.02 09:15,0.28,11:12,11:15,09:15,2017.08.02,
CTA_2,2017.08.02 11:00,0.27,12:54,13:00,11:00,2017.08.02,
CTA_2,2017.08.02 12:30,0.33,14:34,14:30,12:30,2017.08.02,
PLA_2,2017.08.02 09:15,0.39,11:16,11:15,09:15,2017.08.02,
PLA_2,2017.08.02 11:00,0.34,12:59,13:00,11:00,2017.08.02,
PLA_2,2017.08.02 12:45,0.49,14:39,14:45,12:45,2017.08.02,
PL_C2,2017.08.02 09:15,0.64,11:22,11:15,09:15,2017.08.02,
PL_C2,2017.08.02 11:00,0.64,12:54,13:00,11:00,2017.08.02,
PL_C2,2017.08.02 12:45,0.63,14:44,14:45,12:45,2017.08.02,
CTO_3,2017.08.02 09:30,0.61,11:35,11:30,09:30,2017.08.02,
CTO_3,2017.08.02 11:15,0.62,13:10,13:15,11:15,2017.08.02,
CTO_3,2017.08.02 12:45,0.83,14:46,14:45,12:45,2017.08.02,
PLO_3,2017.08.02 09:45,0.23,11:40,11:45,09:45,2017.08.02,
PLO_3,2017.08.02 11:15,0.21,13:14,13:15,11:15,2017.08.02,
PLO_3,2017.08.02 12:45,0.21,14:51,14:45,12:45,2017.08.02,
CTA_3,2017.08.02 09:30,0.45,11:29,11:30,09:30,2017.08.02,
CTA_3,2017.08.02 11:15,0.42,13:10,13:15,11:15,2017.08.02,
CTA_3,2017.08.02 12:45,0.35,14:50,14:45,12:45,2017.08.02,
PLA_3,2017.08.02 09:30,0.25,11:35,11:30,09:30,2017.08.02,
PLA_3,2017.08.02 11:15,0.25,13:14,13:15,11:15,2017.08.02,
PLA_3,2017.08.02 13:00,0.29,14:55,15:00,13:00,2017.08.02,
PLC_3,2017.08.02 09:45,1.3,11:40,11:45,09:45,2017.08.02,
PLC_3,2017.08.02 11:15,1.19,13:18,13:15,11:15,2017.08.02,
PLC_3,2017.08.02 13:00,1.25,14:56,15:00,13:00,2017.08.02,
CTO_4,2017.08.02 09:45,0.55,11:49,11:45,09:45,2017.08.02,
CTO_4,2017.08.02 11:30,0.56,13:24,13:30,11:30,2017.08.02,
CTO_4,2017.08.02 13:00,0.65,15:03,15:00,13:00,2017.08.02,
PLO_4,2017.08.02 10:00,0.62,11:55,12:00,10:00,2017.08.02,
PLO_4,2017.08.02 11:30,0.59,13:30,13:30,11:30,2017.08.02,
PLO_4,2017.08.02 13:15,0.64,15:08,15:15,13:15,2017.08.02,
CTA_4,2017.08.02 09:45,0.55,11:47,11:45,09:45,2017.08.02,
CTA_4,2017.08.02 11:30,0.65,13:24,13:30,11:30,2017.08.02,
CTA_4,2017.08.02 13:00,0.59,15:00,15:00,13:00,2017.08.02,
PLA_4,2017.08.02 09:45,0.68,11:52,11:45,09:45,2017.08.02,
PLA_4,2017.08.02 11:30,0.68,13:33,13:30,11:30,2017.08.02,
PLA_4,2017.08.02 13:00,0.74,15:05,15:00,13:00,2017.08.02,
PL_C4,2017.08.02 10:00,0.39,11:58,12:00,10:00,2017.08.02,
PL_C4,2017.08.02 11:30,1.33,13:35,13:30,11:30,2017.08.02,
PL_C4,2017.08.02 13:15,1.3,15:09,15:15,13:15,2017.08.02,
CTO_5,2017.08.02 10:15,0.31,12:08,12:15,10:15,2017.08.02,
CTO_5,2017.08.02 12:00,0.32,13:57,14:00,12:00,2017.08.02,
CTO_5,2017.08.02 13:30,0.3,15:25,15:30,13:30,2017.08.02,
PLO_5,2017.08.02 10:15,0.25,12:12,12:15,10:15,2017.08.02,
PLO_5,2017.08.02 11:45,0.27,13:51,13:45,11:45,2017.08.02,
PLO_5,2017.08.02 13:15,0.28,15:17,15:15,13:15,2017.08.02,
CTA_5,2017.08.02 10:00,0.45,12:06,12:00,10:00,2017.08.02,
CTA_5,2017.08.02 11:45,0.42,13:40,13:45,11:45,2017.08.02,
CTA_5,2017.08.02 13:15,0.42,15:15,15:15,13:15,2017.08.02,
PLA_5,2017.08.02 10:15,0.21,12:11,12:15,10:15,2017.08.02,
PLA_5,2017.08.02 11:45,0.23,13:45,13:45,11:45,2017.08.02,
PLA_5,2017.08.02 13:30,0.24,15:25,15:30,13:30,2017.08.02,
PL_C5,2017.08.02 10:15,0.9,12:17,12:15,10:15,2017.08.02,
PL_C5,2017.08.02 11:45,0.69,13:42,13:45,11:45,2017.08.02,
PL_C5,2017.08.02 13:15,0.91,15:19,15:15,13:15,2017.08.02,
CTO_1,2017.08.02 13:45,0.26,15:42,15:45,13:45,2017.08.02,
PLO_1,2017.08.02 13:45,0.25,15:47,15:45,13:45,2017.08.02,
CTA_1,2017.08.02 13:45,0.33,15:47,15:45,13:45,2017.08.02,
PLA_1,2017.08.02 13:45,0.39,15:51,15:45,13:45,2017.08.02,
PLC_1,2017.08.02 13:45,0.78,15:41,15:45,13:45,2017.08.02,
CTO_2,2017.08.02 14:00,0.21,16:05,16:00,14:00,2017.08.02,
PLO_2,2017.08.02 14:00,0.22,15:58,16:00,14:00,2017.08.02,
CTA_2,2017.08.02 14:00,0.28,16:02,16:00,14:00,2017.08.02,
PLA_2,2017.08.02 14:00,0.39,15:56,16:00,14:00,2017.08.02,
PLC_2,2017.08.02 14:00,0.61,16:07,16:00,14:00,2017.08.02,
CTO_3,2017.08.02 14:15,0.63,16:10,16:15,14:15,2017.08.02,
PLO_3,2017.08.02 14:15,0.19,16:17,16:15,14:15,2017.08.02,
CTA_3,2017.08.02 14:15,0.69,16:16,16:15,14:15,2017.08.02,
PLA_3,2017.08.02 14:15,0.3,16:21,16:15,14:15,2017.08.02,
PLC_3,2017.08.02 14:15,1.09,16:11,16:15,14:15,2017.08.02,
CTO_4,2017.08.02 14:30,0.55,16:26,16:30,14:30,2017.08.02,
PLO_4,2017.08.02 14:30,0.66,16:30,16:30,14:30,2017.08.02,
CTA_4,2017.08.02 14:30,0.54,16:31,16:30,14:30,2017.08.02,
PLA_4,2017.08.02 14:30,0.71,16:27,16:30,14:30,2017.08.02,
PLC_4,2017.08.02 14:30,1.23,16:34,16:30,14:30,2017.08.02,
CTO_5,2017.08.02 14:45,0.47,16:47,16:45,14:45,2017.08.02,
PLO_5,2017.08.02 14:45,0.26,16:41,16:45,14:45,2017.08.02,
CTA_5,2017.08.02 14:45,0.43,16:44,16:45,14:45,2017.08.02,
PLA_5,2017.08.02 14:45,0.22,16:50,16:45,14:45,2017.08.02,
PLC_5,2017.08.02 14:45,0.9,16:39,16:45,14:45,2017.08.02,
CTO_6,2017.08.03 11:15,0.33,13:17,13:15,11:15,2017.08.03,
CTO_6,2017.08.03 10:15,0.33,12:09,12:15,10:15,2017.08.03,
CTO_6,2017.08.03 08:45,0.33,10:49,10:45,08:45,2017.08.03,
PLO_6,2017.08.03 11:15,1.26,13:22,13:15,11:15,2017.08.03,
PLO_6,2017.08.03 10:15,1.62,12:12,12:15,10:15,2017.08.03,
PLO_6,2017.08.03 09:00,1.86,10:54,11:00,09:00,2017.08.03,
CTA_6,2017.08.03 11:15,0.75,13:16,13:15,11:15,2017.08.03,
CTA_6,2017.08.03 10:00,1.27,12:07,12:00,10:00,2017.08.03,
CTA_6,2017.08.03 09:00,1.05,11:03,11:00,09:00,2017.08.03,
PLA_6,2017.08.03 11:15,0.83,13:22,13:15,11:15,2017.08.03,
PLA_6,2017.08.03 10:00,0.71,12:02,12:00,10:00,2017.08.03,
PLA_6,2017.08.03 09:15,0.78,11:08,11:15,09:15,2017.08.03,
CTC_1,2017.08.03 11:15,0.81,13:12,13:15,11:15,2017.08.03,
CTC_1,2017.08.03 10:00,0.55,12:04,12:00,10:00,2017.08.03,
CTC_1,2017.08.03 09:00,0.82,10:58,11:00,09:00,2017.08.03,
CTO_7,2017.08.03 11:30,0.24,13:31,13:30,11:30,2017.08.03,
CTO_7,2017.08.03 10:15,0.23,12:19,12:15,10:15,2017.08.03,
CTO_7,2017.08.03 09:15,0.23,11:08,11:15,09:15,2017.08.03,
PLO_7,2017.08.03 11:30,0.64,13:27,13:30,11:30,2017.08.03,
PLO_7,2017.08.03 10:30,0.65,12:25,12:30,10:30,2017.08.03,
PLO_7,2017.08.03 09:15,0.72,11:14,11:15,09:15,2017.08.03,
CTA_7,2017.08.03 11:30,0.44,13:32,13:30,11:30,2017.08.03,
CTA_7,2017.08.03 10:30,0.64,12:36,12:30,10:30,2017.08.03,
CTA_7,2017.08.03 09:15,0.61,11:18,11:15,09:15,2017.08.03,
PLA_7,2017.08.03 11:30,0.38,13:27,13:30,11:30,2017.08.03,
PLA_7,2017.08.03 10:45,0.4,12:40,12:45,10:45,2017.08.03,
PLA_7,2017.08.03 09:15,0.38,11:14,11:15,09:15,2017.08.03,
CTC_2,2017.08.03 11:30,0.58,13:36,13:30,11:30,2017.08.03,
CTC_2,2017.08.03 10:30,0.54,12:30,12:30,10:30,2017.08.03,
CTC_2,2017.08.03 09:00,0.59,11:04,11:00,09:00,2017.08.03,
CTO_8,2017.08.03 11:45,0.42,13:48,13:45,11:45,2017.08.03,
CTO_8,2017.08.03 10:45,0.57,12:38,12:45,10:45,2017.08.03,
CTO_8,2017.08.03 09:30,0.43,11:23,11:30,09:30,2017.08.03,
PLO_8,2017.08.03 11:45,0.23,13:45,13:45,11:45,2017.08.03,
PLO_8,2017.08.03 10:15,0.22,12:17,12:15,10:15,2017.08.03,
PLO_8,2017.08.03 09:15,0.2,11:18,11:15,09:15,2017.08.03,
CTA_8,2017.08.03 11:30,0.33,13:37,13:30,11:30,2017.08.03,
CTA_8,2017.08.03 10:30,0.38,12:29,12:30,10:30,2017.08.03,
CTA_8,2017.08.03 09:30,0.37,11:25,11:30,09:30,2017.08.03,
PLA_8,2017.08.03 11:45,0.36,13:41,13:45,11:45,2017.08.03,
PLA_8,2017.08.03 10:30,0.36,12:23,12:30,10:30,2017.08.03,
PLA_8,2017.08.03 09:30,0.34,11:29,11:30,09:30,2017.08.03,
CTC_3,2017.08.03 11:45,0.5,13:40,13:45,11:45,2017.08.03,
CTC_3,2017.08.03 10:45,0.71,12:43,12:45,10:45,2017.08.03,
CTC_3,2017.08.03 09:30,0.56,11:29,11:30,09:30,2017.08.03,
CTO_9,2017.08.03 12:00,0.58,13:55,14:00,12:00,2017.08.03,
CTO_9,2017.08.03 11:00,0.6,12:55,13:00,11:00,2017.08.03,
CTO_9,2017.08.03 09:45,0.6,11:46,11:45,09:45,2017.08.03,
PLO_9,2017.08.03 11:45,0.25,13:51,13:45,11:45,2017.08.03,
PLO_9,2017.08.03 10:45,0.24,12:52,12:45,10:45,2017.08.03,
PLO_9,2017.08.03 09:45,0.22,11:44,11:45,09:45,2017.08.03,
CTA_9,2017.08.03 12:00,0.35,13:59,14:00,12:00,2017.08.03,
CTA_9,2017.08.03 10:45,0.32,12:50,12:45,10:45,2017.08.03,
CTA_9,2017.08.03 09:45,0.31,11:40,11:45,09:45,2017.08.03,
PLA_9,2017.08.03 12:00,0.38,13:53,14:00,12:00,2017.08.03,
PLA_9,2017.08.03 10:45,0.45,12:45,12:45,10:45,2017.08.03,
PLA_9,2017.08.03 09:30,0.49,11:35,11:30,09:30,2017.08.03,
CTC_4,2017.08.03 12:00,0.68,14:00,14:00,12:00,2017.08.03,
CTC_4,2017.08.03 10:45,0.73,12:48,12:45,10:45,2017.08.03,
CTC_4,2017.08.03 09:30,0.82,11:34,11:30,09:30,2017.08.03,
CTO_10,2017.08.03 12:15,0.25,14:14,14:15,12:15,2017.08.03,
CTO_10,2017.08.03 11:00,0.31,13:03,13:00,11:00,2017.08.03,
CTO_10,2017.08.03 10:00,0.33,11:55,12:00,10:00,2017.08.03,
PLO_10,2017.08.03 12:15,0.3,14:09,14:15,12:15,2017.08.03,
PLO_10,2017.08.03 11:00,0.23,12:57,13:00,11:00,2017.08.03,
PLO_10,2017.08.03 09:45,0.25,11:50,11:45,09:45,2017.08.03,
CTA_10,2017.08.03 12:00,0.65,14:04,14:00,12:00,2017.08.03,
CTA_10,2017.08.03 11:15,0.76,13:10,13:15,11:15,2017.08.03,
CTA_10,2017.08.03 09:45,0.78,11:52,11:45,09:45,2017.08.03,
PLA_10,2017.08.03 12:15,0.54,14:08,14:15,12:15,2017.08.03,
PLA_10,2017.08.03 11:00,0.55,13:01,13:00,11:00,2017.08.03,
PLA_10,2017.08.03 10:00,0.73,11:57,12:00,10:00,2017.08.03,
CTC_5,2017.08.03 12:00,0.77,14:05,14:00,12:00,2017.08.03,
CTC_5,2017.08.03 11:00,0.79,13:07,13:00,11:00,2017.08.03,
CTC_5,2017.08.03 10:00,1.38,12:00,12:00,10:00,2017.08.03,
CTO_1,2017.08.28 08:45,0.18,10:45,10:45,08:45,2017.08.28,
CTO_1,2017.08.28 11:00,0.16,12:55,13:00,11:00,2017.08.28,
CTO_1,2017.08.28 13:00,0.17,15:07,15:00,13:00,2017.08.28,
PLO_1,2017.08.28 08:45,0.21,10:51,10:45,08:45,2017.08.28,
PLO_1,2017.08.28 11:00,0.19,13:00,13:00,11:00,2017.08.28,
PLO_1,2017.08.28 13:15,0.2,15:12,15:15,13:15,2017.08.28,
CTA_1,2017.08.28 09:00,0.28,10:55,11:00,09:00,2017.08.28,
CTA_1,2017.08.28 11:00,0.29,13:05,13:00,11:00,2017.08.28,
CTA_1,2017.08.28 13:15,0.34,15:17,15:15,13:15,2017.08.28,
PLA_1,2017.08.28 09:00,0.28,11:00,11:00,09:00,2017.08.28,
PLA_1,2017.08.28 11:15,0.3,13:10,13:15,11:15,2017.08.28,
PLA_1,2017.08.28 13:15,0.35,15:21,15:15,13:15,2017.08.28,
PLC_1,2017.08.28 09:00,0.68,11:05,11:00,09:00,2017.08.28,
PLC_1,2017.08.28 10:45,0.68,12:50,12:45,10:45,2017.08.28,
PLC_1,2017.08.28 13:00,0.69,15:03,15:00,13:00,2017.08.28,
CTO_2,2017.08.28 09:15,0.16,11:15,11:15,09:15,2017.08.28,
CTO_2,2017.08.28 11:15,0.17,13:15,13:15,11:15,2017.08.28,
CTO_2,2017.08.28 13:30,0.09,15:26,15:30,13:30,2017.08.28,
PLO_2,2017.08.28 08:15,0.16,10:20,10:15,08:15,2017.08.28,
PLO_2,2017.08.28 11:30,0.19,13:24,13:30,11:30,2017.08.28,
PLO_2,2017.08.28 13:30,0.16,15:30,15:30,13:30,2017.08.28,
CTA_2,2017.08.28 09:30,0.22,11:26,11:30,09:30,2017.08.28,
CTA_2,2017.08.28 11:30,0.23,13:28,13:30,11:30,2017.08.28,
CTA_2,2017.08.28 13:30,0.18,15:35,15:30,13:30,2017.08.28,
PLA_2,2017.08.28 09:30,0.32,11:30,11:30,09:30,2017.08.28,
PLA_2,2017.08.28 11:45,0.32,13:38,13:45,11:45,2017.08.28,
PLA_2,2017.08.28 13:45,0.37,15:40,15:45,13:45,2017.08.28,
PLC_2,2017.08.28 09:15,0.78,11:10,11:15,09:15,2017.08.28,
PLC_2,2017.08.28 11:30,0.87,13:33,13:30,11:30,2017.08.28,
PLC_2,2017.08.28 13:45,0.72,15:45,15:45,13:45,2017.08.28,
CTO_3,2017.08.28 09:30,0.29,11:35,11:30,09:30,2017.08.28,
CTO_3,2017.08.28 11:45,0.61,13:43,13:45,11:45,2017.08.28,
CTO_3,2017.08.28 13:45,0.61,15:52,15:45,13:45,2017.08.28,
PLO_3,2017.08.28 09:45,0.19,11:43,11:45,09:45,2017.08.28,
PLO_3,2017.08.28 11:45,0.17,13:49,13:45,11:45,2017.08.28,
PLO_3,2017.08.28 14:00,0.15,15:58,16:00,14:00,2017.08.28,
CTA_3,2017.08.28 09:45,0.41,11:47,11:45,09:45,2017.08.28,
CTA_3,2017.08.28 12:00,0.36,13:53,14:00,12:00,2017.08.28,
CTA_3,2017.08.28 14:00,0.52,16:04,16:00,14:00,2017.08.28,
PLA_3,2017.08.28 09:45,0.34,11:52,11:45,09:45,2017.08.28,
PLA_3,2017.08.28 12:00,0.37,13:58,14:00,12:00,2017.08.28,
PLA_3,2017.08.28 14:00,0.37,16:07,16:00,14:00,2017.08.28,
PLC_3,2017.08.28 10:00,1.47,11:55,12:00,10:00,2017.08.28,
PLC_3,2017.08.28 12:00,1.44,14:02,14:00,12:00,2017.08.28,
PLC_3,2017.08.28 13:45,1.46,15:46,15:45,13:45,2017.08.28,
CTO_4,2017.08.28 10:00,0.4,12:04,12:00,10:00,2017.08.28,
CTO_4,2017.08.28 12:15,0.41,14:13,14:15,12:15,2017.08.28,
CTO_4,2017.08.28 14:15,0.38,16:13,16:15,14:15,2017.08.28,
PLO_4,2017.08.28 10:15,0.72,12:09,12:15,10:15,2017.08.28,
PLO_4,2017.08.28 12:15,0.74,14:19,14:15,12:15,2017.08.28,
PLO_4,2017.08.28 14:15,0.7,16:17,16:15,14:15,2017.08.28,
CTA_4,2017.08.28 10:15,0.61,12:14,12:15,10:15,2017.08.28,
CTA_4,2017.08.28 12:30,0.65,14:23,14:30,12:30,2017.08.28,
CTA_4,2017.08.28 14:15,0.64,16:22,16:15,14:15,2017.08.28,
PLA_4,2017.08.28 10:15,0.79,12:19,12:15,10:15,2017.08.28,
PLA_4,2017.08.28 12:30,0.74,14:28,14:30,12:30,2017.08.28,
PLA_4,2017.08.28 14:30,0.71,16:26,16:30,14:30,2017.08.28,
PLC_4,2017.08.28 10:00,1.64,11:59,12:00,10:00,2017.08.28,
PLC_4,2017.08.28 12:00,1.74,14:07,14:00,12:00,2017.08.28,
PLC_4,2017.08.28 14:30,1.62,16:30,16:30,14:30,2017.08.28,
CTO_5,2017.08.28 12:30,0.19,14:35,14:30,12:30,2017.08.28,
CTO_5,2017.08.28 14:30,0.31,16:32,16:30,14:30,2017.08.28,
CTO_5,2017.08.28 10:30,0.21,12:24,12:30,10:30,2017.08.28,
PLO_5,2017.08.28 10:30,0.16,12:29,12:30,10:30,2017.08.28,
PLO_5,2017.08.28 12:45,0.17,14:38,14:45,12:45,2017.08.28,
CTA_5,2017.08.28 10:30,0.42,12:34,12:30,10:30,2017.08.28,
CTA_5,2017.08.28 12:45,0.41,14:44,14:45,12:45,2017.08.28,
PLA_5,2017.08.28 10:45,0.21,12:38,12:45,10:45,2017.08.28,
PLA_5,2017.08.28 12:45,0.24,14:51,14:45,12:45,2017.08.28,
PLC_5,2017.08.28 10:45,0.87,12:42,12:45,10:45,2017.08.28,
PLC_5,2017.08.28 13:00,0.85,14:55,15:00,13:00,2017.08.28,
PLC_5,2017.08.28 14:30,0.81,16:35,16:30,14:30,2017.08.28,
CTO_6,2017.08.29 06:45,0.3,08:47,08:45,06:45,2017.08.29,
CTO_6,2017.08.29 08:45,0.31,10:41,10:45,08:45,2017.08.29,
PLO_6,2017.08.29 06:45,1.09,08:51,08:45,06:45,2017.08.29,
PLO_6,2017.08.29 08:45,1.44,10:45,10:45,08:45,2017.08.29,
CTA_6,2017.08.29 07:00,0.49,08:59,09:00,07:00,2017.08.29,
CTA_6,2017.08.29 08:45,0.75,10:50,10:45,08:45,2017.08.29,
PLA_6,2017.08.29 07:00,0.51,09:04,09:00,07:00,2017.08.29,
PLA_6,2017.08.29 09:00,0.55,10:55,11:00,09:00,2017.08.29,
CTC_1,2017.08.29 06:45,1.04,08:41,08:45,06:45,2017.08.29,
CTC_1,2017.08.29 09:00,0.96,10:59,11:00,09:00,2017.08.29,
CTO_7,2017.08.29 07:15,0.13,09:09,09:15,07:15,2017.08.29,
CTO_7,2017.08.29 09:15,0.16,11:09,11:15,09:15,2017.08.29,
PLO_7,2017.08.29 07:15,0.47,09:13,09:15,07:15,2017.08.29,
PLO_7,2017.08.29 09:15,0.57,11:14,11:15,09:15,2017.08.29,
CTA_7,2017.08.29 07:15,0.36,09:18,09:15,07:15,2017.08.29,
CTA_7,2017.08.29 09:15,0.58,11:18,11:15,09:15,2017.08.29,
PLA_7,2017.08.29 07:15,0.29,09:22,09:15,07:15,2017.08.29,
PLA_7,2017.08.29 09:15,0.33,11:22,11:15,09:15,2017.08.29,
CTC_2,2017.08.29 07:30,0.53,09:27,09:30,07:30,2017.08.29,
CTC_2,2017.08.29 09:00,0.51,11:04,11:00,09:00,2017.08.29,
CTO_8,2017.08.29 07:30,0.31,09:37,09:30,07:30,2017.08.29,
CTO_8,2017.08.29 09:30,0.33,11:29,11:30,09:30,2017.08.29,
PLO_8,2017.08.29 07:45,0.15,09:42,09:45,07:45,2017.08.29,
PLO_8,2017.08.29 09:30,0.16,11:33,11:30,09:30,2017.08.29,
CTA_8,2017.08.29 07:45,0.28,09:46,09:45,07:45,2017.08.29,
CTA_8,2017.08.29 09:45,0.3,11:38,11:45,09:45,2017.08.29,
PLA_8,2017.08.29 07:45,0.3,09:50,09:45,07:45,2017.08.29,
PLA_8,2017.08.29 09:45,0.35,11:43,11:45,09:45,2017.08.29,
CTC_3,2017.08.29 07:30,0.54,09:32,09:30,07:30,2017.08.29,
CTC_3,2017.08.29 09:45,0.57,11:47,11:45,09:45,2017.08.29,
CTO_9,2017.08.29 08:00,0.64,09:55,10:00,08:00,2017.08.29,
CTO_9,2017.08.29 10:00,0.67,11:58,12:00,10:00,2017.08.29,
PLO_9,2017.08.29 08:00,0.17,09:59,10:00,08:00,2017.08.29,
PLO_9,2017.08.29 10:00,0.19,12:02,12:00,10:00,2017.08.29,
CTA_9,2017.08.29 08:00,0.24,10:04,10:00,08:00,2017.08.29,
CTA_9,2017.08.29 10:00,0.24,12:07,12:00,10:00,2017.08.29,
PLA_9,2017.08.29 08:15,0.4,10:08,10:15,08:15,2017.08.29,
PLA_9,2017.08.29 10:15,0.46,12:11,12:15,10:15,2017.08.29,
CTC_4,2017.08.29 08:15,0.7,10:13,10:15,08:15,2017.08.29,
CTC_4,2017.08.29 10:00,0.71,11:54,12:00,10:00,2017.08.29,
CTO_10,2017.08.29 08:15,0.24,10:22,10:15,08:15,2017.08.29,
CTO_10,2017.08.29 10:15,0.26,12:17,12:15,10:15,2017.08.29,
PLO_10,2017.08.29 08:30,0.15,10:27,10:30,08:30,2017.08.29,
PLO_10,2017.08.29 10:15,0.17,12:21,12:15,10:15,2017.08.29,
CTA_10,2017.08.29 08:30,0.61,10:32,10:30,08:30,2017.08.29,
CTA_10,2017.08.29 10:30,0.72,12:26,12:30,10:30,2017.08.29,
PLA_10,2017.08.29 08:30,0.69,10:36,10:30,08:30,2017.08.29,
PLA_10,2017.08.29 10:30,0.79,12:30,12:30,10:30,2017.08.29,
CTC_5,2017.08.29 08:15,1.08,10:17,10:15,08:15,2017.08.29,
CTC_5,2017.08.29 10:30,1.33,12:34,12:30,10:30,2017.08.29,
CTO_1,2017.09.20 08:00,0.12,10:06,10:00,08:00,2017.09.20,
CTO_1,2017.09.20 10:30,0.09,12:23,12:30,10:30,2017.09.20,
PLO_1,2017.09.20 08:15,0.12,10:12,10:15,08:15,2017.09.20,
PLO_1,2017.09.20 10:30,0.13,12:30,12:30,10:30,2017.09.20,
CTA_1,2017.09.20 08:15,0.12,10:17,10:15,08:15,2017.09.20,
CTA_1,2017.09.20 10:30,0.14,12:35,12:30,10:30,2017.09.20,
PLA_1,2017.09.20 08:15,0.11,10:21,10:15,08:15,2017.09.20,
PLA_1,2017.09.20 10:45,0.12,12:39,12:45,10:45,2017.09.20,
PLC_1,2017.09.20 08:30,0.38,10:26,10:30,08:30,2017.09.20,
PLC_1,2017.09.20 10:15,0.38,12:16,12:15,10:15,2017.09.20,
CTO_2,2017.09.20 08:30,0.05,10:37,10:30,08:30,2017.09.20,
CTO_2,2017.09.20 11:00,0.06,12:55,13:00,11:00,2017.09.20,
PLO_2,2017.09.20 08:45,0.07,10:42,10:45,08:45,2017.09.20,
PLO_2,2017.09.20 11:00,0.06,13:00,13:00,11:00,2017.09.20,
CTA_2,2017.09.20 08:45,0.1,10:47,10:45,08:45,2017.09.20,
CTA_2,2017.09.20 10:45,0.05,12:50,12:45,10:45,2017.09.20,
PLA_2,2017.09.20 08:45,0.2,10:51,10:45,08:45,2017.09.20,
PLA_2,2017.09.20 10:45,0.2,12:46,12:45,10:45,2017.09.20,
PLC_2,2017.09.20 08:30,0.5,10:31,10:30,08:30,2017.09.20,
PLC_2,2017.09.20 11:00,0.48,13:05,13:00,11:00,2017.09.20,
CTO_3,2017.09.20 09:00,0.39,11:07,11:00,09:00,2017.09.20,
CTO_3,2017.09.20 11:15,0.41,13:17,13:15,11:15,2017.09.20,
PLO_3,2017.09.20 09:15,0.09,11:12,11:15,09:15,2017.09.20,
PLO_3,2017.09.20 11:30,0.1,13:23,13:30,11:30,2017.09.20,
CTA_3,2017.09.20 09:00,0.15,11:02,11:00,09:00,2017.09.20,
CTA_3,2017.09.20 11:30,0.18,13:27,13:30,11:30,2017.09.20,
PLA_3,2017.09.20 09:00,0.2,10:56,11:00,09:00,2017.09.20,
PLA_3,2017.09.20 11:30,0.16,13:32,13:30,11:30,2017.09.20,
PLC_3,2017.09.20 09:15,0.91,11:17,11:15,09:15,2017.09.20,
PLC_3,2017.09.20 11:15,0.84,13:12,13:15,11:15,2017.09.20,
CTO_4,2017.09.20 09:30,0.21,11:29,11:30,09:30,2017.09.20,
CTO_4,2017.09.20 11:30,0.23,13:35,13:30,11:30,2017.09.20,
PLO_4,2017.09.20 09:30,0.23,11:35,11:30,09:30,2017.09.20,
PLO_4,2017.09.20 11:45,0.22,13:48,13:45,11:45,2017.09.20,
CTA_4,2017.09.20 09:45,0.18,11:40,11:45,09:45,2017.09.20,
CTA_4,2017.09.20 11:45,0.18,13:42,13:45,11:45,2017.09.20,
PLA_4,2017.09.20 09:45,0.22,11:44,11:45,09:45,2017.09.20,
PLA_4,2017.09.20 11:45,0.22,13:38,13:45,11:45,2017.09.20,
PLC_4,2017.09.20 09:30,0.66,11:23,11:30,09:30,2017.09.20,
PLC_4,2017.09.20 12:00,0.69,13:59,14:00,12:00,2017.09.20,
CTO_5,2017.09.20 10:00,0.07,12:00,12:00,10:00,2017.09.20,
CTO_5,2017.09.20 12:15,0.07,14:11,14:15,12:15,2017.09.20,
PLO_5,2017.09.20 10:00,0.08,12:05,12:00,10:00,2017.09.20,
PLO_5,2017.09.20 12:15,0.08,14:16,14:15,12:15,2017.09.20,
CTA_5,2017.09.20 10:00,0.15,11:55,12:00,10:00,2017.09.20,
CTA_5,2017.09.20 12:30,0.26,14:23,14:30,12:30,2017.09.20,
PLA_5,2017.09.20 09:45,0.07,11:50,11:45,09:45,2017.09.20,
PLA_5,2017.09.20 12:30,0.08,14:29,14:30,12:30,2017.09.20,
PLC_5,2017.09.20 10:15,0.41,12:09,12:15,10:15,2017.09.20,
PLC_5,2017.09.20 12:00,0.42,14:05,14:00,12:00,2017.09.20,
CTO_6,2017.09.21 08:45,0.1,10:43,10:45,08:45,2017.09.21,
CTO_6,2017.09.21 10:45,0.12,12:43,12:45,10:45,2017.09.21,
PLO_6,2017.09.21 08:45,0.46,10:46,10:45,08:45,2017.09.21,
PLO_6,2017.09.21 10:45,0.48,12:48,12:45,10:45,2017.09.21,
CTA_6,2017.09.21 09:00,0.21,10:53,11:00,09:00,2017.09.21,
CTA_6,2017.09.21 11:00,0.13,12:53,13:00,11:00,2017.09.21,
PLA_6,2017.09.21 09:00,0.13,10:58,11:00,09:00,2017.09.21,
PLA_6,2017.09.21 11:00,0.19,12:58,13:00,11:00,2017.09.21,
CTC_1,2017.09.21 08:45,0.69,10:38,10:45,08:45,2017.09.21,
CTC_1,2017.09.21 11:00,0.68,13:03,13:00,11:00,2017.09.21,
CTO_7,2017.09.21 09:15,0.18,11:20,11:15,09:15,2017.09.21,
CTO_7,2017.09.21 11:15,0.13,13:16,13:15,11:15,2017.09.21,
PLO_7,2017.09.21 09:15,0.16,11:15,11:15,09:15,2017.09.21,
CTA_7,2017.09.21 09:15,0.12,11:09,11:15,09:15,2017.09.21,
PLA_7,2017.09.21 09:00,0.15,11:03,11:00,09:00,2017.09.21,
CTC_2,2017.09.21 09:30,0.26,11:24,11:30,09:30,2017.09.21,
CTC_2,2017.09.21 11:15,0.31,13:08,13:15,11:15,2017.09.21,
CTO_8,2017.09.21 09:45,0.13,11:49,11:45,09:45,2017.09.21,
PLO_8,2017.09.21 09:45,0.05,11:44,11:45,09:45,2017.09.21,
CTA_8,2017.09.21 09:45,0.09,11:39,11:45,09:45,2017.09.21,
PLA_8,2017.09.21 09:30,0.08,11:34,11:30,09:30,2017.09.21,
CTC_3,2017.09.21 09:30,0.35,11:29,11:30,09:30,2017.09.21,
CTO_9,2017.09.21 10:00,0.26,11:54,12:00,10:00,2017.09.21,
PLO_9,2017.09.21 10:00,0.09,11:59,12:00,10:00,2017.09.21,
CTA_9,2017.09.21 10:00,0.11,12:04,12:00,10:00,2017.09.21,
PLA_9,2017.09.21 10:15,0.18,12:09,12:15,10:15,2017.09.21,
CTC_4,2017.09.21 10:15,0.41,12:13,12:15,10:15,2017.09.21,
CTO_10,2017.09.21 10:45,0.09,12:38,12:45,10:45,2017.09.21,
PLO_10,2017.09.21 10:30,0.1,12:33,12:30,10:30,2017.09.21,
CTA_10,2017.09.21 10:30,0.19,12:28,12:30,10:30,2017.09.21,
PLA_10,2017.09.21 10:30,0.21,12:23,12:30,10:30,2017.09.21,
CTC_5,2017.09.21 10:15,0.52,12:19,12:15,10:15,2017.09.21,
CTO_1,2017.10.09 08:15,0.09,10:19,10:15,08:15,2017.10.09,
CTO_1,2017.10.09 09:30,0.09,11:30,11:30,09:30,2017.10.09,
PLO_1,2017.10.09 08:30,0.11,10:25,10:30,08:30,2017.10.09,
PLO_1,2017.10.09 09:30,0.12,11:35,11:30,09:30,2017.10.09,
CTA_1,2017.10.09 08:15,0.09,10:13,10:15,08:15,2017.10.09,
CTA_1,2017.10.09 09:30,0.11,11:28,11:30,09:30,2017.10.09,
PLA_1,2017.10.09 08:15,0.11,10:19,10:15,08:15,2017.10.09,
PLA_1,2017.10.09 09:30,0.1,11:32,11:30,09:30,2017.10.09,
PLC_1,2017.10.09 08:30,0.31,10:27,10:30,08:30,2017.10.09,
PLC_1,2017.10.09 09:30,0.36,11:24,11:30,09:30,2017.10.09,
CTO_2,2017.10.09 08:30,0.05,10:35,10:30,08:30,2017.10.09,
CTO_2,2017.10.09 09:45,0.07,11:45,11:45,09:45,2017.10.09,
PLO_2,2017.10.09 08:30,0.07,10:30,10:30,08:30,2017.10.09,
PLO_2,2017.10.09 09:45,0.07,11:40,11:45,09:45,2017.10.09,
CTA_2,2017.10.09 08:45,0.08,10:45,10:45,08:45,2017.10.09,
CTA_2,2017.10.09 09:45,0.08,11:42,11:45,09:45,2017.10.09,
PLA_2,2017.10.09 08:45,0.19,10:51,10:45,08:45,2017.10.09,
PLA_2,2017.10.09 09:45,0.19,11:38,11:45,09:45,2017.10.09,
PLC_2,2017.10.09 08:45,0.38,10:39,10:45,08:45,2017.10.09,
PLC_2,2017.10.09 09:45,0.45,11:49,11:45,09:45,2017.10.09,
CTO_3,2017.10.09 08:45,0.27,10:41,10:45,08:45,2017.10.09,
CTO_3,2017.10.09 10:00,0.28,11:54,12:00,10:00,2017.10.09,
PLO_3,2017.10.09 08:45,0.06,10:46,10:45,08:45,2017.10.09,
PLO_3,2017.10.09 10:00,0.09,11:59,12:00,10:00,2017.10.09,
CTA_3,2017.10.09 09:00,0.14,11:01,11:00,09:00,2017.10.09,
CTA_3,2017.10.09 09:45,0.16,11:47,11:45,09:45,2017.10.09,
PLA_3,2017.10.09 09:00,0.14,10:56,11:00,09:00,2017.10.09,
PLA_3,2017.10.09 09:45,0.13,11:52,11:45,09:45,2017.10.09,
PLC_3,2017.10.09 08:45,0.85,10:51,10:45,08:45,2017.10.09,
PLC_3,2017.10.09 10:00,0.76,12:00,12:00,10:00,2017.10.09,
CTO_4,2017.10.09 09:00,0.14,11:00,11:00,09:00,2017.10.09,
CTO_4,2017.10.09 10:15,0.16,12:18,12:15,10:15,2017.10.09,
PLO_4,2017.10.09 09:00,0.12,11:05,11:00,09:00,2017.10.09,
PLO_4,2017.10.09 10:15,0.14,12:09,12:15,10:15,2017.10.09,
CTA_4,2017.10.09 09:15,0.13,11:08,11:15,09:15,2017.10.09,
CTA_4,2017.10.09 10:00,0.12,12:07,12:00,10:00,2017.10.09,
PLA_4,2017.10.09 09:15,0.17,11:12,11:15,09:15,2017.10.09,
PLA_4,2017.10.09 10:15,0.17,12:14,12:15,10:15,2017.10.09,
PLC_4,2017.10.09 09:00,0.6,10:55,11:00,09:00,2017.10.09,
PLC_4,2017.10.09 10:15,0.54,12:11,12:15,10:15,2017.10.09,
CTO_5,2017.10.09 09:15,0.07,11:14,11:15,09:15,2017.10.09,
CTO_5,2017.10.09 10:30,0.09,12:24,12:30,10:30,2017.10.09,
PLO_5,2017.10.09 09:15,0.11,11:10,11:15,09:15,2017.10.09,
PLO_5,2017.10.09 10:30,0.09,12:28,12:30,10:30,2017.10.09,
CTA_5,2017.10.09 09:15,0.11,11:22,11:15,09:15,2017.10.09,
CTA_5,2017.10.09 10:30,0.16,12:29,12:30,10:30,2017.10.09,
PLA_5,2017.10.09 09:15,0.06,11:17,11:15,09:15,2017.10.09,
PLA_5,2017.10.09 10:30,0.07,12:25,12:30,10:30,2017.10.09,
PLC_5,2017.10.09 09:15,0.38,11:20,11:15,09:15,2017.10.09,
PLC_5,2017.10.09 10:30,0.43,12:33,12:30,10:30,2017.10.09,
CTO_6,2017.10.11 08:15,0.11,10:22,10:15,08:15,2017.10.11,
CTO_6,2017.10.11 09:15,0.12,11:20,11:15,09:15,2017.10.11,
PLO_6,2017.10.11 08:30,0.35,10:27,10:30,08:30,2017.10.11,
PLO_6,2017.10.11 09:15,0.45,11:15,11:15,09:15,2017.10.11,
CTA_6,2017.10.11 08:15,0.18,10:15,10:15,08:15,2017.10.11,
CTA_6,2017.10.11 09:30,0.23,11:24,11:30,09:30,2017.10.11,
PLA_6,2017.10.11 08:15,0.34,10:21,10:15,08:15,2017.10.11,
PLA_6,2017.10.11 09:15,0.4,11:19,11:15,09:15,2017.10.11,
CTC_1,2017.10.11 08:15,0.46,10:18,10:15,08:15,2017.10.11,
CTC_1,2017.10.11 09:30,0.44,11:28,11:30,09:30,2017.10.11,
CTO_7,2017.10.11 08:30,0.07,10:37,10:30,08:30,2017.10.11,
CTO_7,2017.10.11 09:45,0.09,11:39,11:45,09:45,2017.10.11,
PLO_7,2017.10.11 08:30,0.12,10:32,10:30,08:30,2017.10.11,
PLO_7,2017.10.11 09:30,0.11,11:34,11:30,09:30,2017.10.11,
CTA_7,2017.10.11 08:30,0.19,10:32,10:30,08:30,2017.10.11,
CTA_7,2017.10.11 09:30,0.2,11:30,11:30,09:30,2017.10.11,
PLA_7,2017.10.11 08:30,0.15,10:26,10:30,08:30,2017.10.11,
PLA_7,2017.10.11 09:30,0.15,11:34,11:30,09:30,2017.10.11,
CTC_2,2017.10.11 08:30,0.36,10:36,10:30,08:30,2017.10.11,
CTC_2,2017.10.11 09:30,0.32,11:30,11:30,09:30,2017.10.11,
CTO_8,2017.10.11 08:45,0.11,10:44,10:45,08:45,2017.10.11,
CTO_8,2017.10.11 09:45,0.12,11:46,11:45,09:45,2017.10.11,
PLO_8,2017.10.11 08:45,0.08,10:46,10:45,08:45,2017.10.11,
PLO_8,2017.10.11 10:00,0.09,11:54,12:00,10:00,2017.10.11,
CTA_8,2017.10.11 08:45,0.1,10:50,10:45,08:45,2017.10.11,
CTA_8,2017.10.11 10:00,0.1,11:57,12:00,10:00,2017.10.11,
PLA_8,2017.10.11 09:00,0.06,10:55,11:00,09:00,2017.10.11,
PLA_8,2017.10.11 09:45,0.05,11:46,11:45,09:45,2017.10.11,
CTC_3,2017.10.11 08:45,0.39,10:41,10:45,08:45,2017.10.11,
CTC_3,2017.10.11 10:00,0.38,11:57,12:00,10:00,2017.10.11,
CTO_9,2017.10.11 09:00,0.16,10:54,11:00,09:00,2017.10.11,
CTO_9,2017.10.11 10:15,0.15,12:11,12:15,10:15,2017.10.11,
PLO_9,2017.10.11 08:45,0.1,10:49,10:45,08:45,2017.10.11,
PLO_9,2017.10.11 10:15,0.1,12:08,12:15,10:15,2017.10.11,
CTA_9,2017.10.11 09:00,0.11,11:04,11:00,09:00,2017.10.11,
CTA_9,2017.10.11 10:00,0.11,12:03,12:00,10:00,2017.10.11,
PLA_9,2017.10.11 09:00,0.17,10:59,11:00,09:00,2017.10.11,
PLA_9,2017.10.11 10:00,0.15,12:07,12:00,10:00,2017.10.11,
CTC_4,2017.10.11 09:00,0.45,10:58,11:00,09:00,2017.10.11,
CTC_4,2017.10.11 10:00,0.47,12:01,12:00,10:00,2017.10.11,
CTO_10,2017.10.11 09:00,0.11,11:07,11:00,09:00,2017.10.11,
CTO_10,2017.10.11 10:15,0.1,12:15,12:15,10:15,2017.10.11,
PLO_10,2017.10.11 09:15,0.12,11:11,11:15,09:15,2017.10.11,
PLO_10,2017.10.11 10:15,0.11,12:20,12:15,10:15,2017.10.11,
CTA_10,2017.10.11 09:15,0.14,11:10,11:15,09:15,2017.10.11,
CTA_10,2017.10.11 10:15,0.14,12:17,12:15,10:15,2017.10.11,
PLA_10,2017.10.11 09:15,0.15,11:14,11:15,09:15,2017.10.11,
PLA_10,2017.10.11 10:15,0.17,12:13,12:15,10:15,2017.10.11,
CTC_5,2017.10.11 09:00,0.59,11:02,11:00,09:00,2017.10.11,
CTC_5,2017.10.11 10:30,0.51,12:23,12:30,10:30,2017.10.11,
CTO_6,2017.10.31 10:30,0.08,11:34,11:30,10:30,2017.10.31,
CTO_6,2017.10.31 12:00,0.1,12:58,13:00,12:00,2017.10.31,
PLO_6,2017.10.31 10:45,0.19,11:39,11:45,10:45,2017.10.31,
PLO_6,2017.10.31 12:15,0.16,13:09,13:15,12:15,2017.10.31,
CTA_6,2017.10.31 10:30,0.06,11:35,11:30,10:30,2017.10.31,
CTA_6,2017.10.31 11:45,0.09,12:40,12:45,11:45,2017.10.31,
PLA_6,2017.10.31 10:45,0.22,11:40,11:45,10:45,2017.10.31,
PLA_6,2017.10.31 11:45,0.16,12:43,12:45,11:45,2017.10.31,
CTC_1,2017.10.31 10:30,0.28,11:28,11:30,10:30,2017.10.31,
CTC_1,2017.10.31 11:45,0.39,12:52,12:45,11:45,2017.10.31,
CTO_7,2017.10.31 11:00,0.07,11:54,12:00,11:00,2017.10.31,
CTO_7,2017.10.31 12:15,0.06,13:16,13:15,12:15,2017.10.31,
PLO_7,2017.10.31 11:00,0.09,11:59,12:00,11:00,2017.10.31,
PLO_7,2017.10.31 12:15,0.08,13:12,13:15,12:15,2017.10.31,
CTA_7,2017.10.31 11:00,0.02,12:04,12:00,11:00,2017.10.31,
CTA_7,2017.10.31 12:00,0.05,12:53,13:00,12:00,2017.10.31,
PLA_7,2017.10.31 11:00,0.06,12:07,12:00,11:00,2017.10.31,
PLA_7,2017.10.31 11:45,0.07,12:49,12:45,11:45,2017.10.31,
CTC_2,2017.10.31 11:00,0.18,12:04,12:00,11:00,2017.10.31,
CTC_2,2017.10.31 12:15,0.21,13:20,13:15,12:15,2017.10.31,
CTO_8,2017.10.31 10:45,0.08,11:49,11:45,10:45,2017.10.31,
CTO_8,2017.10.31 12:30,0.08,13:33,13:30,12:30,2017.10.31,
PLO_8,2017.10.31 10:45,0.06,11:44,11:45,10:45,2017.10.31,
PLO_8,2017.10.31 12:45,0.07,13:39,13:45,12:45,2017.10.31,
CTA_8,2017.10.31 10:45,0.03,11:50,11:45,10:45,2017.10.31,
CTA_8,2017.10.31 12:00,0.04,12:59,13:00,12:00,2017.10.31,
PLA_8,2017.10.31 10:45,0.02,11:45,11:45,10:45,2017.10.31,
PLA_8,2017.10.31 12:15,0.03,13:09,13:15,12:15,2017.10.31,
CTC_3,2017.10.31 11:00,0.21,11:57,12:00,11:00,2017.10.31,
CTC_3,2017.10.31 12:30,0.27,13:25,13:30,12:30,2017.10.31,
CTO_9,2017.10.31 11:30,0.11,12:28,12:30,11:30,2017.10.31,
CTO_9,2017.10.31 12:45,0.1,13:52,13:45,12:45,2017.10.31,
PLO_9,2017.10.31 11:15,0.09,12:20,12:15,11:15,2017.10.31,
PLO_9,2017.10.31 11:45,0.06,12:45,12:45,11:45,2017.10.31,
CTA_9,2017.10.31 11:15,0.1,12:18,12:15,11:15,2017.10.31,
CTA_9,2017.10.31 12:30,0.06,13:25,13:30,12:30,2017.10.31,
PLA_9,2017.10.31 11:30,0.12,12:23,12:30,11:30,2017.10.31,
PLA_9,2017.10.31 12:15,0.1,13:20,13:15,12:15,2017.10.31,
CTC_4,2017.10.31 11:15,0.25,12:08,12:15,11:15,2017.10.31,
CTC_4,2017.10.31 13:00,0.3,14:00,14:00,13:00,2017.10.31,
CTO_10,2017.10.31 11:30,0.07,12:31,12:30,11:30,2017.10.31,
CTO_10,2017.10.31 13:00,0.05,13:53,14:00,13:00,2017.10.31,
PLO_10,2017.10.31 11:30,0.08,12:37,12:30,11:30,2017.10.31,
PLO_10,2017.10.31 13:00,0.06,14:02,14:00,13:00,2017.10.31,
CTA_10,2017.10.31 11:30,0.06,12:33,12:30,11:30,2017.10.31,
CTA_10,2017.10.31 12:30,0.08,13:33,13:30,12:30,2017.10.31,
PLA_10,2017.10.31 11:30,0.06,12:29,12:30,11:30,2017.10.31,
PLA_10,2017.10.31 12:45,0.08,13:39,13:45,12:45,2017.10.31,
CTC_5,2017.10.31 11:45,0.27,12:44,12:45,11:45,2017.10.31,
CTC_5,2017.10.31 12:45,0.25,13:46,13:45,12:45,2017.10.31,
CTO_1,2017.11.09 10:00,0.11,10:57,11:00,10:00,2017.11.09,
CTO_1,2017.11.09 11:00,0.11,12:07,12:00,11:00,2017.11.09,
PLO_1,2017.11.09 09:45,0.1,10:51,10:45,09:45,2017.11.09,
PLO_1,2017.11.09 11:00,0.11,12:02,12:00,11:00,2017.11.09,
CTA_1,2017.11.09 09:30,0.1,10:28,10:30,09:30,2017.11.09,
CTA_1,2017.11.09 10:30,0.1,11:35,11:30,10:30,2017.11.09,
PLA_1,2017.11.09 09:30,0.1,10:33,10:30,09:30,2017.11.09,
PLA_1,2017.11.09 10:30,0.12,11:30,11:30,10:30,2017.11.09,
PLC_1,2017.11.09 09:15,0.38,10:08,10:15,09:15,2017.11.09,
PLC_1,2017.11.09 11:00,0.33,11:58,12:00,11:00,2017.11.09,
CTO_2,2017.11.09 09:30,0.06,10:26,10:30,09:30,2017.11.09,
CTO_2,2017.11.09 11:30,0.06,12:23,12:30,11:30,2017.11.09,
PLO_2,2017.11.09 09:45,0.06,10:43,10:45,09:45,2017.11.09,
PLO_2,2017.11.09 11:15,0.07,12:17,12:15,11:15,2017.11.09,
CTA_2,2017.11.09 09:45,0.07,10:46,10:45,09:45,2017.11.09,
CTA_2,2017.11.09 10:45,0.07,11:41,11:45,10:45,2017.11.09,
PLA_2,2017.11.09 09:45,0.14,10:42,10:45,09:45,2017.11.09,
PLA_2,2017.11.09 10:45,0.13,11:45,11:45,10:45,2017.11.09,
PLC_2,2017.11.09 09:15,0.31,10:21,10:15,09:15,2017.11.09,
PLC_2,2017.11.09 11:15,0.34,12:13,12:15,11:15,2017.11.09,
CTO_3,2017.11.09 10:15,0.13,11:17,11:15,10:15,2017.11.09,
CTO_3,2017.11.09 11:45,0.12,12:39,12:45,11:45,2017.11.09,
PLO_3,2017.11.09 10:15,0.07,11:12,11:15,10:15,2017.11.09,
PLO_3,2017.11.09 11:30,0.07,12:34,12:30,11:30,2017.11.09,
CTA_3,2017.11.09 09:45,0.14,10:51,10:45,09:45,2017.11.09,
CTA_3,2017.11.09 11:00,0.16,11:59,12:00,11:00,2017.11.09,
PLA_3,2017.11.09 10:00,0.1,10:57,11:00,10:00,2017.11.09,
PLA_3,2017.11.09 11:00,0.1,11:54,12:00,11:00,2017.11.09,
PLC_3,2017.11.09 10:00,0.52,11:07,11:00,10:00,2017.11.09,
PLC_3,2017.11.09 11:30,0.53,12:24,12:30,11:30,2017.11.09,
CTO_4,2017.11.09 10:30,0.1,11:33,11:30,10:30,2017.11.09,
CTO_4,2017.11.09 12:00,0.09,12:55,13:00,12:00,2017.11.09,
PLO_4,2017.11.09 10:30,0.09,11:28,11:30,10:30,2017.11.09,
PLO_4,2017.11.09 11:45,0.1,12:50,12:45,11:45,2017.11.09,
CTA_4,2017.11.09 10:15,0.11,11:13,11:15,10:15,2017.11.09,
CTA_4,2017.11.09 11:15,0.15,12:09,12:15,11:15,2017.11.09,
PLA_4,2017.11.09 10:15,0.15,11:08,11:15,10:15,2017.11.09,
PLA_4,2017.11.09 11:00,0.11,12:05,12:00,11:00,2017.11.09,
PLC_4,2017.11.09 10:30,0.43,11:23,11:30,10:30,2017.11.09,
PLC_4,2017.11.09 11:45,0.4,12:45,12:45,11:45,2017.11.09,
CTO_5,2017.11.09 10:45,0.06,11:49,11:45,10:45,2017.11.09,
CTO_5,2017.11.09 12:15,0.07,13:09,13:15,12:15,2017.11.09,
PLO_5,2017.11.09 10:45,0.09,11:44,11:45,10:45,2017.11.09,
PLO_5,2017.11.09 12:15,0.07,13:12,13:15,12:15,2017.11.09,
CTA_5,2017.11.09 10:15,0.1,11:18,11:15,10:15,2017.11.09,
CTA_5,2017.11.09 12:15,0.11,13:12,13:15,12:15,2017.11.09,
PLA_5,2017.11.09 10:30,0.05,11:23,11:30,10:30,2017.11.09,
PLA_5,2017.11.09 12:00,0.06,13:07,13:00,12:00,2017.11.09,
PLC_5,2017.11.09 10:45,0.38,11:39,11:45,10:45,2017.11.09,
PLC_5,2017.11.09 12:00,0.38,13:02,13:00,12:00,2017.11.09,
CTO_1,2018.05.02 09:00,0.37,11:05,11:00,09:00,2018.05.02,
CTA_1,2018.05.02 10:15,0.4,12:15,12:15,10:15,2018.05.02,
PLO_1,2018.05.02 09:00,0.28,11:00,11:00,09:00,2018.05.02,
PLO_1,2018.05.02 10:15,0.27,12:21,12:15,10:15,2018.05.02,
CTA_1,2018.05.02 09:15,0.12,11:19,11:15,09:15,2018.05.02,
CTA_1,2018.05.02 10:15,0.13,12:21,12:15,10:15,2018.05.02,
PLA_1,2018.05.02 09:15,0.13,11:14,11:15,09:15,2018.05.02,
PLA_1,2018.05.02 10:15,0.14,12:14,12:15,10:15,2018.05.02,
PLC_1,2018.05.02 09:00,0.36,10:59,11:00,09:00,2018.05.02,
PLC_1,2018.05.02 10:30,0.41,12:27,12:30,10:30,2018.05.02,
CTO_2,2018.05.02 09:15,0.2,11:09,11:15,09:15,2018.05.02,
CTO_2,2018.05.02 10:45,0.2,12:38,12:45,10:45,2018.05.02,
PLO_2,2018.05.02 09:15,0.19,11:14,11:15,09:15,2018.05.02,
PLO_2,2018.05.02 10:45,0.22,12:42,12:45,10:45,2018.05.02,
CTA_2,2018.05.02 09:30,0.07,11:26,11:30,09:30,2018.05.02,
CTA_2,2018.05.02 10:30,0.1,12:29,12:30,10:30,2018.05.02,
PLA_2,2018.05.02 09:30,0.12,11:31,11:30,09:30,2018.05.02,
PLA_2,2018.05.02 10:30,0.11,12:34,12:30,10:30,2018.05.02,
PLC_2,2018.05.02 09:15,0.38,11:14,11:15,09:15,2018.05.02,
PLC_2,2018.05.02 10:30,0.37,12:33,12:30,10:30,2018.05.02,
CTO_3,2018.05.02 09:30,0.34,11:29,11:30,09:30,2018.05.02,
CTO_3,2018.05.02 10:45,0.34,12:49,12:45,10:45,2018.05.02,
PLO_3,2018.05.02 09:30,0.28,11:36,11:30,09:30,2018.05.02,
PLO_3,2018.05.02 10:45,0.24,12:46,12:45,10:45,2018.05.02,
CTA_3,2018.05.02 09:45,0.23,11:44,11:45,09:45,2018.05.02,
CTA_3,2018.05.02 10:45,0.24,12:43,12:45,10:45,2018.05.02,
PLA_3,2018.05.02 09:45,0.15,11:39,11:45,09:45,2018.05.02,
PLA_3,2018.05.02 10:45,0.17,12:38,12:45,10:45,2018.05.02,
PLC_3,2018.05.02 09:30,0.53,11:24,11:30,09:30,2018.05.02,
PLC_3,2018.05.02 11:00,0.58,12:58,13:00,11:00,2018.05.02,
CTO_4,2018.05.02 09:45,0.24,11:47,11:45,09:45,2018.05.02,
CTO_4,2018.05.02 11:00,0.28,13:05,13:00,11:00,2018.05.02,
PLO_4,2018.05.02 09:45,0.3,11:43,11:45,09:45,2018.05.02,
PLO_4,2018.05.02 11:15,0.36,13:10,13:15,11:15,2018.05.02,
CTA_4,2018.05.02 09:45,0.16,11:47,11:45,09:45,2018.05.02,
CTA_4,2018.05.02 10:30,0.18,12:25,12:30,10:30,2018.05.02,
PLA_4,2018.05.02 10:00,0.25,11:53,12:00,10:00,2018.05.02,
PLA_4,2018.05.02 11:00,0.28,12:56,13:00,11:00,2018.05.02,
PLC_4,2018.05.02 10:00,0.44,11:54,12:00,10:00,2018.05.02,
PLC_4,2018.05.02 11:00,0.4,13:01,13:00,11:00,2018.05.02,
CTO_5,2018.05.02 10:15,0.25,12:10,12:15,10:15,2018.05.02,
CTO_5,2018.05.02 11:15,0.27,13:18,13:15,11:15,2018.05.02,
PLO_5,2018.05.02 10:00,0.2,12:03,12:00,10:00,2018.05.02,
PLO_5,2018.05.02 11:15,0.19,13:13,13:15,11:15,2018.05.02,
CTA_5,2018.05.02 10:00,0.12,12:03,12:00,10:00,2018.05.02,
CTA_5,2018.05.02 11:15,0.16,13:13,13:15,11:15,2018.05.02,
PLA_5,2018.05.02 10:00,0.14,11:59,12:00,10:00,2018.05.02,
PLA_5,2018.05.02 11:15,0.15,13:18,13:15,11:15,2018.05.02,
PLC_5,2018.05.02 10:00,0.43,11:58,12:00,10:00,2018.05.02,
PLC_5,2018.05.02 11:00,0.38,13:07,13:00,11:00,2018.05.02,
CTO_6,2018.05.03 09:15,0.35,11:19,11:15,09:15,2018.05.03,
CTO_6,2018.05.03 10:30,0.29,12:32,12:30,10:30,2018.05.03,
PLO_6,2018.05.03 09:30,0.34,11:24,11:30,09:30,2018.05.03,
PLO_6,2018.05.03 10:45,0.32,12:38,12:45,10:45,2018.05.03,
CTA_6,2018.05.03 09:30,0.19,11:30,11:30,09:30,2018.05.03,
CTA_6,2018.05.03 10:15,0.17,12:14,12:15,10:15,2018.05.03,
PLA_6,2018.05.03 09:30,0.27,11:26,11:30,09:30,2018.05.03,
PLA_6,2018.05.03 10:15,0.29,12:19,12:15,10:15,2018.05.03,
CTC_1,2018.05.03 09:15,0.44,11:20,11:15,09:15,2018.05.03,
CTC_1,2018.05.03 10:45,0.5,12:44,12:45,10:45,2018.05.03,
CTO_7,2018.05.03 09:30,0.22,11:37,11:30,09:30,2018.05.03,
CTO_7,2018.05.03 11:00,0.21,13:02,13:00,11:00,2018.05.03,
PLO_7,2018.05.03 09:30,0.37,11:33,11:30,09:30,2018.05.03,
PLO_7,2018.05.03 11:00,0.28,13:07,13:00,11:00,2018.05.03,
CTA_7,2018.05.03 09:30,0.2,11:35,11:30,09:30,2018.05.03,
CTA_7,2018.05.03 11:00,0.17,13:05,13:00,11:00,2018.05.03,
PLA_7,2018.05.03 09:45,0.19,11:39,11:45,09:45,2018.05.03,
PLA_7,2018.05.03 11:00,0.17,13:00,13:00,11:00,2018.05.03,
CTC_2,2018.05.03 09:45,0.34,11:42,11:45,09:45,2018.05.03,
CTC_2,2018.05.03 10:45,0.29,12:45,12:45,10:45,2018.05.03,
CTO_8,2018.05.03 10:00,0.26,11:54,12:00,10:00,2018.05.03,
CTO_8,2018.05.03 11:30,0.18,13:25,13:30,11:30,2018.05.03,
PLO_8,2018.05.03 10:00,0.28,11:58,12:00,10:00,2018.05.03,
PLO_8,2018.05.03 11:15,0.36,13:11,13:15,11:15,2018.05.03,
CTA_8,2018.05.03 09:45,0.15,11:49,11:45,09:45,2018.05.03,
CTA_8,2018.05.03 11:15,0.15,13:10,13:15,11:15,2018.05.03,
PLA_8,2018.05.03 09:45,0.14,11:44,11:45,09:45,2018.05.03,
PLA_8,2018.05.03 11:15,0.12,13:14,13:15,11:15,2018.05.03,
CTC_3,2018.05.03 09:45,0.35,11:49,11:45,09:45,2018.05.03,
CTO_9,2018.05.03 10:00,0.31,12:07,12:00,10:00,2018.05.03,
CTO_9,2018.05.03 11:30,0.29,13:29,13:30,11:30,2018.05.03,
PLO_9,2018.05.03 10:00,0.33,12:02,12:00,10:00,2018.05.03,
PLO_9,2018.05.03 11:30,0.3,13:34,13:30,11:30,2018.05.03,
CTA_9,2018.05.03 10:00,0.14,11:55,12:00,10:00,2018.05.03,
CTA_9,2018.05.03 11:30,0.12,13:24,13:30,11:30,2018.05.03,
PLA_9,2018.05.03 10:00,0.15,12:00,12:00,10:00,2018.05.03,
PLA_9,2018.05.03 11:15,0.13,13:19,13:15,11:15,2018.05.03,
CTC_4,2018.05.03 10:15,0.26,12:11,12:15,10:15,2018.05.03,
CTC_4,2018.05.03 11:45,0.28,13:47,13:45,11:45,2018.05.03,
CTO_10,2018.05.03 10:30,0.42,12:29,12:30,10:30,2018.05.03,
CTO_10,2018.05.03 11:45,0.42,13:45,13:45,11:45,2018.05.03,
PLO_10,2018.05.03 10:30,0.41,12:24,12:30,10:30,2018.05.03,
PLO_10,2018.05.03 11:45,0.42,13:39,13:45,11:45,2018.05.03,
CTA_10,2018.05.03 10:15,0.14,12:09,12:15,10:15,2018.05.03,
CTA_10,2018.05.03 11:30,0.13,13:29,13:30,11:30,2018.05.03,
PLA_10,2018.05.03 10:00,0.25,12:05,12:00,10:00,2018.05.03,
PLA_10,2018.05.03 11:45,0.27,13:41,13:45,11:45,2018.05.03,
CTC_5,2018.05.03 09:15,0.53,11:18,11:15,09:15,2018.05.03,
CTC_5,2018.05.03 11:45,0.47,13:49,13:45,11:45,2018.05.03,
CTO_6,2018.06.12 08:45,0.42,10:40,10:45,08:45,2018.06.12,
CTO_6,2018.06.12 09:45,0.45,11:51,11:45,09:45,2018.06.12,
PLO_6,2018.06.12 08:45,0.39,10:44,10:45,08:45,2018.06.12,
PLO_6,2018.06.12 09:45,0.49,11:47,11:45,09:45,2018.06.12,
CTA_6,2018.06.12 08:30,0.24,10:28,10:30,08:30,2018.06.12,
CTA_6,2018.06.12 09:45,0.31,11:38,11:45,09:45,2018.06.12,
PLA_6,2018.06.12 08:30,0.36,10:36,10:30,08:30,2018.06.12,
PLA_6,2018.06.12 09:45,0.44,11:42,11:45,09:45,2018.06.12,
CTC_1,2018.06.12 08:30,0.87,10:34,10:30,08:30,2018.06.12,
CTC_1,2018.06.12 10:00,0.91,11:56,12:00,10:00,2018.06.12,
CTO_7,2018.06.12 09:00,0.29,10:54,11:00,09:00,2018.06.12,
CTO_7,2018.06.12 10:00,0.34,12:04,12:00,10:00,2018.06.12,
PLO_7,2018.06.12 08:45,0.3,10:49,10:45,08:45,2018.06.12,
PLO_7,2018.06.12 10:15,0.5,12:09,12:15,10:15,2018.06.12,
CTA_7,2018.06.12 08:45,0.23,10:47,10:45,08:45,2018.06.12,
CTA_7,2018.06.12 09:45,0.28,11:51,11:45,09:45,2018.06.12,
PLA_7,2018.06.12 08:45,0.27,10:42,10:45,08:45,2018.06.12,
PLA_7,2018.06.12 09:45,0.32,11:47,11:45,09:45,2018.06.12,
CTC_2,2018.06.12 09:15,0.72,11:10,11:15,09:15,2018.06.12,
CTC_2,2018.06.12 10:00,0.69,12:00,12:00,10:00,2018.06.12,
CTO_8,2018.06.12 09:00,0.33,11:00,11:00,09:00,2018.06.12,
CTO_8,2018.06.12 10:15,0.35,12:18,12:15,10:15,2018.06.12,
PLO_8,2018.06.12 09:15,0.33,11:14,11:15,09:15,2018.06.12,
PLO_8,2018.06.12 10:15,0.31,12:13,12:15,10:15,2018.06.12,
CTA_8,2018.06.12 09:00,0.24,10:55,11:00,09:00,2018.06.12,
CTA_8,2018.06.12 10:00,0.22,12:01,12:00,10:00,2018.06.12,
PLA_8,2018.06.12 09:00,0.21,11:00,11:00,09:00,2018.06.12,
PLA_8,2018.06.12 10:00,0.26,11:57,12:00,10:00,2018.06.12,
CTC_3,2018.06.12 09:00,0.66,11:05,11:00,09:00,2018.06.12,
CTC_3,2018.06.12 10:30,0.65,12:23,12:30,10:30,2018.06.12,
CTO_9,2018.06.12 09:30,0.43,11:23,11:30,09:30,2018.06.12,
CTO_9,2018.06.12 10:45,0.46,12:40,12:45,10:45,2018.06.12,
PLO_9,2018.06.12 09:15,0.36,11:18,11:15,09:15,2018.06.12,
PLO_9,2018.06.12 10:45,0.39,12:46,12:45,10:45,2018.06.12,
CTA_9,2018.06.12 09:15,0.26,11:15,11:15,09:15,2018.06.12,
CTA_9,2018.06.12 10:15,0.28,12:10,12:15,10:15,2018.06.12,
PLA_9,2018.06.12 09:00,0.35,11:06,11:00,09:00,2018.06.12,
PLA_9,2018.06.12 10:00,0.44,12:06,12:00,10:00,2018.06.12,
CTC_4,2018.06.12 09:30,0.71,11:28,11:30,09:30,2018.06.12,
CTC_4,2018.06.12 10:30,0.7,12:27,12:30,10:30,2018.06.12,
CTO_10,2018.06.12 09:45,0.44,11:38,11:45,09:45,2018.06.12,
CTO_10,2018.06.12 10:30,0.43,12:36,12:30,10:30,2018.06.12,
PLO_10,2018.06.12 09:45,0.48,11:43,11:45,09:45,2018.06.12,
PLO_10,2018.06.12 10:45,0.43,12:50,12:45,10:45,2018.06.12,
CTA_10,2018.06.12 09:15,0.29,11:20,11:15,09:15,2018.06.12,
CTA_10,2018.06.12 10:15,0.31,12:14,12:15,10:15,2018.06.12,
PLA_10,2018.06.12 09:30,0.35,11:26,11:30,09:30,2018.06.12,
PLA_10,2018.06.12 10:15,0.34,12:22,12:15,10:15,2018.06.12,
CTC_5,2018.06.12 09:30,1.04,11:33,11:30,09:30,2018.06.12,
CTC_5,2018.06.12 10:30,1.04,12:31,12:30,10:30,2018.06.12,
CTO_1,2018.06.14 07:45,0.42,09:51,09:45,07:45,2018.06.14,
CTO_1,2018.06.14 09:15,0.43,11:10,11:15,09:15,2018.06.14,
PLO_1,2018.06.14 08:00,0.4,09:56,10:00,08:00,2018.06.14,
PLO_1,2018.06.14 09:00,0.4,11:02,11:00,09:00,2018.06.14,
CTA_1,2018.06.14 07:45,0.14,09:42,09:45,07:45,2018.06.14,
CTA_1,2018.06.14 09:00,0.15,10:53,11:00,09:00,2018.06.14,
PLA_1,2018.06.14 07:45,0.12,09:49,09:45,07:45,2018.06.14,
PLA_1,2018.06.14 08:45,0.16,10:47,10:45,08:45,2018.06.14,
PLC_1,2018.06.14 07:45,0.9,09:46,09:45,07:45,2018.06.14,
PLC_1,2018.06.14 09:15,0.73,11:15,11:15,09:15,2018.06.14,
CTO_2,2018.06.14 08:00,0.2,10:06,10:00,08:00,2018.06.14,
CTO_2,2018.06.14 09:30,0.19,11:25,11:30,09:30,2018.06.14,
PLO_2,2018.06.14 08:00,0.22,10:01,10:00,08:00,2018.06.14,
PLO_2,2018.06.14 09:30,0.18,11:29,11:30,09:30,2018.06.14,
CTA_2,2018.06.14 08:00,0.1,10:02,10:00,08:00,2018.06.14,
CTA_2,2018.06.14 09:00,0.09,11:02,11:00,09:00,2018.06.14,
PLA_2,2018.06.14 08:00,0.16,09:56,10:00,08:00,2018.06.14,
PLA_2,2018.06.14 09:15,0.16,11:11,11:15,09:15,2018.06.14,
PLC_2,2018.06.14 08:15,0.87,10:11,10:15,08:15,2018.06.14,
PLC_2,2018.06.14 09:15,0.8,11:20,11:15,09:15,2018.06.14,
CTO_3,2018.06.14 08:30,0.44,10:23,10:30,08:30,2018.06.14,
CTO_3,2018.06.14 09:30,0.19,11:23,11:30,09:30,2018.06.14,
PLO_3,2018.06.14 08:30,0.31,10:28,10:30,08:30,2018.06.14,
PLO_3,2018.06.14 09:15,0.2,11:17,11:15,09:15,2018.06.14,
CTA_3,2018.06.14 08:00,0.14,10:06,10:00,08:00,2018.06.14,
CTA_3,2018.06.14 09:45,0.41,11:38,11:45,09:45,2018.06.14,
PLA_3,2018.06.14 08:15,0.19,10:12,10:15,08:15,2018.06.14,
PLA_3,2018.06.14 09:30,0.3,11:33,11:30,09:30,2018.06.14,
PLC_3,2018.06.14 08:15,1.29,10:19,10:15,08:15,2018.06.14,
PLC_3,2018.06.14 09:45,1.19,11:42,11:45,09:45,2018.06.14,
CTO_4,2018.06.14 08:30,0.21,10:37,10:30,08:30,2018.06.14,
CTO_4,2018.06.14 10:00,0.24,11:57,12:00,10:00,2018.06.14,
PLO_4,2018.06.14 08:30,0.14,10:33,10:30,08:30,2018.06.14,
PLO_4,2018.06.14 09:45,0.16,11:52,11:45,09:45,2018.06.14,
CTA_4,2018.06.14 08:30,0.15,10:26,10:30,08:30,2018.06.14,
CTA_4,2018.06.14 09:30,0.14,11:30,11:30,09:30,2018.06.14,
PLA_4,2018.06.14 08:15,0.16,10:21,10:15,08:15,2018.06.14,
PLA_4,2018.06.14 09:30,0.18,11:35,11:30,09:30,2018.06.14,
PLC_4,2018.06.14 08:45,1.32,10:42,10:45,08:45,2018.06.14,
PLC_4,2018.06.14 09:45,1.05,11:47,11:45,09:45,2018.06.14,
CTO_5,2018.06.14 08:45,0.2,10:51,10:45,08:45,2018.06.14,
CTO_5,2018.06.14 10:00,0.21,12:04,12:00,10:00,2018.06.14,
PLO_5,2018.06.14 09:00,0.17,10:57,11:00,09:00,2018.06.14,
PLO_5,2018.06.14 10:15,0.17,12:08,12:15,10:15,2018.06.14,
CTA_5,2018.06.14 08:30,0.15,10:34,10:30,08:30,2018.06.14,
CTA_5,2018.06.14 09:45,0.16,11:49,11:45,09:45,2018.06.14,
PLA_5,2018.06.14 08:45,0.1,10:39,10:45,08:45,2018.06.14,
PLA_5,2018.06.14 09:45,0.1,11:42,11:45,09:45,2018.06.14,
PLC_5,2018.06.14 08:45,0.98,10:46,10:45,08:45,2018.06.14,
PLC_5,2018.06.14 10:15,0.83,12:13,12:15,10:15,2018.06.14,
CTO_6,2018.06.26 08:15,0.49,10:13,10:15,08:15,2018.06.26,
CTO_6,2018.06.26 09:30,0.41,11:34,11:30,09:30,2018.06.26,
PLO_6,2018.06.26 08:15,0.34,10:16,10:15,08:15,2018.06.26,
PLO_6,2018.06.26 09:30,0.29,11:28,11:30,09:30,2018.06.26,
CTA_6,2018.06.26 08:15,0.18,10:10,10:15,08:15,2018.06.26,
CTA_6,2018.06.26 09:15,0.19,11:10,11:15,09:15,2018.06.26,
PLA_6,2018.06.26 08:00,0.23,10:04,10:00,08:00,2018.06.26,
PLA_6,2018.06.26 09:15,0.24,11:18,11:15,09:15,2018.06.26,
CTC_1,2018.06.26 08:00,0.75,10:07,10:00,08:00,2018.06.26,
CTC_1,2018.06.26 09:30,0.73,11:24,11:30,09:30,2018.06.26,
CTO_7,2018.06.26 08:30,0.21,10:27,10:30,08:30,2018.06.26,
CTO_7,2018.06.26 09:30,0.21,11:37,11:30,09:30,2018.06.26,
PLO_7,2018.06.26 08:15,0.32,10:22,10:15,08:15,2018.06.26,
PLO_7,2018.06.26 09:45,0.36,11:42,11:45,09:45,2018.06.26,
CTA_7,2018.06.26 08:15,0.14,10:16,10:15,08:15,2018.06.26,
CTA_7,2018.06.26 09:30,0.14,11:30,11:30,09:30,2018.06.26,
PLA_7,2018.06.26 08:15,0.19,10:22,10:15,08:15,2018.06.26,
PLA_7,2018.06.26 09:30,0.2,11:24,11:30,09:30,2018.06.26,
CTC_2,2018.06.26 08:30,0.51,10:33,10:30,08:30,2018.06.26,
CTC_2,2018.06.26 09:45,0.55,11:47,11:45,09:45,2018.06.26,
CTO_8,2018.06.26 08:45,0.2,10:43,10:45,08:45,2018.06.26,
CTO_8,2018.06.26 10:00,0.21,11:56,12:00,10:00,2018.06.26,
PLO_8,2018.06.26 08:45,0.32,10:47,10:45,08:45,2018.06.26,
PLO_8,2018.06.26 10:00,0.3,12:00,12:00,10:00,2018.06.26,
CTA_8,2018.06.26 08:30,0.14,10:36,10:30,08:30,2018.06.26,
CTA_8,2018.06.26 09:30,0.14,11:37,11:30,09:30,2018.06.26,
PLA_8,2018.06.26 08:30,0.15,10:28,10:30,08:30,2018.06.26,
PLA_8,2018.06.26 09:45,0.15,11:44,11:45,09:45,2018.06.26,
CTC_3,2018.06.26 08:45,0.51,10:40,10:45,08:45,2018.06.26,
CTC_3,2018.06.26 09:45,0.48,11:51,11:45,09:45,2018.06.26,
CTO_9,2018.06.26 09:00,0.26,11:01,11:00,09:00,2018.06.26,
CTO_9,2018.06.26 10:15,0.29,12:10,12:15,10:15,2018.06.26,
PLO_9,2018.06.26 09:00,0.32,10:53,11:00,09:00,2018.06.26,
PLO_9,2018.06.26 10:00,0.24,12:05,12:00,10:00,2018.06.26,
CTA_9,2018.06.26 08:45,0.15,10:43,10:45,08:45,2018.06.26,
CTA_9,2018.06.26 10:00,0.17,11:56,12:00,10:00,2018.06.26,
PLA_9,2018.06.26 08:45,0.24,10:51,10:45,08:45,2018.06.26,
PLA_9,2018.06.26 09:45,0.26,11:50,11:45,09:45,2018.06.26,
CTC_4,2018.06.26 09:00,0.48,10:57,11:00,09:00,2018.06.26,
CTC_4,2018.06.26 10:15,0.52,12:15,12:15,10:15,2018.06.26,
CTO_10,2018.06.26 09:15,0.35,11:10,11:15,09:15,2018.06.26,
CTO_10,2018.06.26 10:30,0.34,12:24,12:30,10:30,2018.06.26,
PLO_10,2018.06.26 09:15,0.42,11:15,11:15,09:15,2018.06.26,
PLO_10,2018.06.26 10:30,0.34,12:28,12:30,10:30,2018.06.26,
CTA_10,2018.06.26 09:00,0.17,11:04,11:00,09:00,2018.06.26,
CTA_10,2018.06.26 10:00,0.18,12:03,12:00,10:00,2018.06.26,
PLA_10,2018.06.26 09:00,0.17,10:57,11:00,09:00,2018.06.26,
PLA_10,2018.06.26 10:15,0.18,12:10,12:15,10:15,2018.06.26,
CTC_5,2018.06.26 09:15,0.72,11:20,11:15,09:15,2018.06.26,
CTC_5,2018.06.26 10:15,0.78,12:19,12:15,10:15,2018.06.26,
CTO_1,2018.06.27 07:45,0.4,09:42,09:45,07:45,2018.06.27,
CTO_1,2018.06.27 08:45,0.46,10:52,10:45,08:45,2018.06.27,
PLO_1,2018.06.27 07:30,0.46,09:36,09:30,07:30,2018.06.27,
PLO_1,2018.06.27 08:45,0.46,10:47,10:45,08:45,2018.06.27,
CTA_1,2018.06.27 07:30,0.13,09:36,09:30,07:30,2018.06.27,
CTA_1,2018.06.27 08:30,0.15,10:34,10:30,08:30,2018.06.27,
PLA_1,2018.06.27 07:30,0.19,09:28,09:30,07:30,2018.06.27,
PLA_1,2018.06.27 08:45,0.2,10:39,10:45,08:45,2018.06.27,
PLC_1,2018.06.27 07:30,0.63,09:30,09:30,07:30,2018.06.27,
PLC_1,2018.06.27 09:00,0.63,10:57,11:00,09:00,2018.06.27,
CTO_2,2018.06.27 07:45,0.2,09:46,09:45,07:45,2018.06.27,
CTO_2,2018.06.27 09:00,0.24,11:07,11:00,09:00,2018.06.27,
PLO_2,2018.06.27 07:45,0.21,09:51,09:45,07:45,2018.06.27,
PLO_2,2018.06.27 09:15,0.21,11:12,11:15,09:15,2018.06.27,
CTA_2,2018.06.27 07:45,0.13,09:43,09:45,07:45,2018.06.27,
CTA_2,2018.06.27 08:45,0.13,10:49,10:45,08:45,2018.06.27,
PLA_2,2018.06.27 07:45,0.16,09:49,09:45,07:45,2018.06.27,
PLA_2,2018.06.27 08:45,0.2,10:45,10:45,08:45,2018.06.27,
PLC_2,2018.06.27 08:00,0.92,09:56,10:00,08:00,2018.06.27,
PLC_2,2018.06.27 09:00,0.79,11:02,11:00,09:00,2018.06.27,
CTO_3,2018.06.27 08:00,0.52,10:05,10:00,08:00,2018.06.27,
CTO_3,2018.06.27 09:15,0.51,11:21,11:15,09:15,2018.06.27,
PLO_3,2018.06.27 08:15,0.25,10:09,10:15,08:15,2018.06.27,
PLO_3,2018.06.27 09:15,0.26,11:16,11:15,09:15,2018.06.27,
CTA_3,2018.06.27 08:00,0.16,10:04,10:00,08:00,2018.06.27,
CTA_3,2018.06.27 09:00,0.18,10:54,11:00,09:00,2018.06.27,
PLA_3,2018.06.27 08:00,0.21,09:54,10:00,08:00,2018.06.27,
PLA_3,2018.06.27 09:00,0.2,10:59,11:00,09:00,2018.06.27,
PLC_3,2018.06.27 08:00,1.04,10:01,10:00,08:00,2018.06.27,
PLC_3,2018.06.27 09:30,0.96,11:26,11:30,09:30,2018.06.27,
CTO_4,2018.06.27 08:15,0.28,10:22,10:15,08:15,2018.06.27,
CTO_4,2018.06.27 09:45,0.31,11:42,11:45,09:45,2018.06.27,
PLO_4,2018.06.27 08:15,0.19,10:17,10:15,08:15,2018.06.27,
PLO_4,2018.06.27 09:30,0.2,11:36,11:30,09:30,2018.06.27,
CTA_4,2018.06.27 08:15,0.21,10:12,10:15,08:15,2018.06.27,
CTA_4,2018.06.27 09:15,0.2,11:13,11:15,09:15,2018.06.27,
PLA_4,2018.06.27 08:15,0.19,10:16,10:15,08:15,2018.06.27,
PLA_4,2018.06.27 09:00,0.2,11:05,11:00,09:00,2018.06.27,
PLC_4,2018.06.27 08:30,1.32,10:26,10:30,08:30,2018.06.27,
PLC_4,2018.06.27 09:30,1.34,11:31,11:30,09:30,2018.06.27,
CTO_5,2018.06.27 08:30,0.2,10:36,10:30,08:30,2018.06.27,
CTO_5,2018.06.27 09:45,0.19,11:47,11:45,09:45,2018.06.27,
PLO_5,2018.06.27 08:45,0.17,10:41,10:45,08:45,2018.06.27,
PLO_5,2018.06.27 10:00,0.17,11:53,12:00,10:00,2018.06.27,
CTA_5,2018.06.27 08:30,0.17,10:26,10:30,08:30,2018.06.27,
CTA_5,2018.06.27 09:15,0.17,11:18,11:15,09:15,2018.06.27,
PLA_5,2018.06.27 08:15,0.09,10:22,10:15,08:15,2018.06.27,
PLA_5,2018.06.27 09:30,0.1,11:23,11:30,09:30,2018.06.27,
PLC_5,2018.06.27 08:30,0.86,10:31,10:30,08:30,2018.06.27,
PLC_5,2018.06.27 10:00,0.8,11:58,12:00,10:00,2018.06.27,
CTO_6,2018.07.17 08:45,0.51,10:42,10:45,08:45,2018.07.17,
CTO_6,2018.07.17 10:00,0.36,11:56,12:00,10:00,2018.07.17,
PLO_6,2018.07.17 08:45,0.36,10:46,10:45,08:45,2018.07.17,
PLO_6,2018.07.17 10:00,0.39,12:01,12:00,10:00,2018.07.17,
CTA_6,2018.07.17 08:30,0.24,10:34,10:30,08:30,2018.07.17,
CTA_6,2018.07.17 09:30,0.23,11:25,11:30,09:30,2018.07.17,
PLA_6,2018.07.17 08:45,0.48,10:39,10:45,08:45,2018.07.17,
PLA_6,2018.07.17 09:15,0.51,11:21,11:15,09:15,2018.07.17,
CTC_1,2018.07.17 08:30,1.01,10:37,10:30,08:30,2018.07.17,
CTC_1,2018.07.17 10:00,0.99,12:06,12:00,10:00,2018.07.17,
CTO_7,2018.07.17 09:00,0.22,11:00,11:00,09:00,2018.07.17,
CTO_7,2018.07.17 10:15,0.25,12:15,12:15,10:15,2018.07.17,
PLO_7,2018.07.17 09:00,0.21,10:56,11:00,09:00,2018.07.17,
PLO_7,2018.07.17 10:15,0.26,12:19,12:15,10:15,2018.07.17,
CTA_7,2018.07.17 08:45,0.19,10:48,10:45,08:45,2018.07.17,
CTA_7,2018.07.17 09:30,0.18,11:30,11:30,09:30,2018.07.17,
PLA_7,2018.07.17 08:45,0.27,10:43,10:45,08:45,2018.07.17,
PLA_7,2018.07.17 09:30,0.3,11:35,11:30,09:30,2018.07.17,
CTC_2,2018.07.17 09:00,0.63,11:05,11:00,09:00,2018.07.17,
CTC_2,2018.07.17 10:15,0.63,12:10,12:15,10:15,2018.07.17,
CTO_8,2018.07.17 09:15,0.18,11:14,11:15,09:15,2018.07.17,
CTO_8,2018.07.17 10:30,0.18,12:29,12:30,10:30,2018.07.17,
PLO_8,2018.07.17 09:15,0.26,11:18,11:15,09:15,2018.07.17,
PLO_8,2018.07.17 10:30,0.28,12:23,12:30,10:30,2018.07.17,
CTA_8,2018.07.17 09:00,0.2,10:53,11:00,09:00,2018.07.17,
CTA_8,2018.07.17 09:45,0.2,11:44,11:45,09:45,2018.07.17,
PLA_8,2018.07.17 09:00,0.19,10:58,11:00,09:00,2018.07.17,
PLA_8,2018.07.17 09:45,0.21,11:40,11:45,09:45,2018.07.17,
CTC_3,2018.07.17 09:15,0.48,11:09,11:15,09:15,2018.07.17,
CTC_3,2018.07.17 10:15,0.63,12:10,12:15,10:15,2018.07.17,
CTO_9,2018.07.17 09:30,0.22,11:33,11:30,09:30,2018.07.17,
CTO_9,2018.07.17 10:30,0.25,12:29,12:30,10:30,2018.07.17,
PLO_9,2018.07.17 09:30,0.26,11:23,11:30,09:30,2018.07.17,
PLO_9,2018.07.17 10:30,0.25,12:24,12:30,10:30,2018.07.17,
CTA_9,2018.07.17 09:00,0.19,11:07,11:00,09:00,2018.07.17,
CTA_9,2018.07.17 09:45,0.2,11:49,11:45,09:45,2018.07.17,
PLA_9,2018.07.17 09:00,0.33,11:02,11:00,09:00,2018.07.17,
PLA_9,2018.07.17 10:00,0.33,11:53,12:00,10:00,2018.07.17,
CTC_4,2018.07.17 09:45,0.49,11:38,11:45,09:45,2018.07.17,
CTC_4,2018.07.17 10:30,0.46,12:34,12:30,10:30,2018.07.17,
CTO_10,2018.07.17 09:45,0.29,11:47,11:45,09:45,2018.07.17,
CTO_10,2018.07.17 10:15,0.29,12:12,12:15,10:15,2018.07.17,
PLO_10,2018.07.17 09:45,0.26,11:52,11:45,09:45,2018.07.17,
PLO_10,2018.07.17 10:15,0.25,12:17,12:15,10:15,2018.07.17,
CTA_10,2018.07.17 09:15,0.21,11:11,11:15,09:15,2018.07.17,
CTA_10,2018.07.17 10:00,0.18,12:02,12:00,10:00,2018.07.17,
PLA_10,2018.07.17 09:15,0.23,11:16,11:15,09:15,2018.07.17,
PLA_10,2018.07.17 10:00,0.23,11:57,12:00,10:00,2018.07.17,
CTC_5,2018.07.17 09:45,0.75,11:42,11:45,09:45,2018.07.17,
CTC_5,2018.07.17 10:00,0.75,12:07,12:00,10:00,2018.07.17,
CTO_1,2018.07.19 09:15,0.49,11:13,11:15,09:15,2018.07.19,
CTO_1,2018.07.19 10:30,0.53,12:31,12:30,10:30,2018.07.19,
PLO_1,2018.07.19 09:15,0.41,11:16,11:15,09:15,2018.07.19,
PLO_1,2018.07.19 10:30,0.56,12:26,12:30,10:30,2018.07.19,
CTA_1,2018.07.19 09:15,0.22,11:09,11:15,09:15,2018.07.19,
CTA_1,2018.07.19 10:15,0.24,12:08,12:15,10:15,2018.07.19,
PLA_1,2018.07.19 09:15,0.26,11:14,11:15,09:15,2018.07.19,
PLA_1,2018.07.19 10:00,0.26,12:04,12:00,10:00,2018.07.19,
PLC_1,2018.07.19 09:15,0.88,11:08,11:15,09:15,2018.07.19,
PLC_1,2018.07.19 10:30,1.02,12:36,12:30,10:30,2018.07.19,
CTO_2,2018.07.19 09:30,0.31,11:33,11:30,09:30,2018.07.19,
CTO_2,2018.07.19 10:45,0.4,12:46,12:45,10:45,2018.07.19,
PLO_2,2018.07.19 09:30,0.4,11:28,11:30,09:30,2018.07.19,
PLO_2,2018.07.19 10:45,0.39,12:50,12:45,10:45,2018.07.19,
CTA_2,2018.07.19 09:30,0.2,11:27,11:30,09:30,2018.07.19,
CTA_2,2018.07.19 10:15,0.23,12:14,12:15,10:15,2018.07.19,
PLA_2,2018.07.19 09:15,0.27,11:21,11:15,09:15,2018.07.19,
PLA_2,2018.07.19 10:15,0.25,12:18,12:15,10:15,2018.07.19,
PLC_2,2018.07.19 09:30,1.22,11:37,11:30,09:30,2018.07.19,
PLC_2,2018.07.19 10:45,1.16,12:41,12:45,10:45,2018.07.19,
CTO_3,2018.07.19 09:45,0.44,11:52,11:45,09:45,2018.07.19,
CTO_3,2018.07.19 11:00,0.56,13:00,13:00,11:00,2018.07.19,
PLO_3,2018.07.19 09:45,0.24,11:47,11:45,09:45,2018.07.19,
PLO_3,2018.07.19 11:00,0.3,12:55,13:00,11:00,2018.07.19,
CTA_3,2018.07.19 09:30,0.22,11:32,11:30,09:30,2018.07.19,
CTA_3,2018.07.19 10:30,0.27,12:23,12:30,10:30,2018.07.19,
PLA_3,2018.07.19 09:30,0.18,11:36,11:30,09:30,2018.07.19,
PLA_3,2018.07.19 10:30,0.25,12:27,12:30,10:30,2018.07.19,
PLC_3,2018.07.19 09:45,1.06,11:42,11:45,09:45,2018.07.19,
PLC_3,2018.07.19 11:15,1.15,13:09,13:15,11:15,2018.07.19,
CTO_4,2018.07.19 10:00,0.37,11:56,12:00,10:00,2018.07.19,
CTO_4,2018.07.19 11:15,0.38,13:19,13:15,11:15,2018.07.19,
PLO_4,2018.07.19 10:00,0.31,12:01,12:00,10:00,2018.07.19,
PLO_4,2018.07.19 11:15,0.33,13:12,13:15,11:15,2018.07.19,
CTA_4,2018.07.19 09:45,0.29,11:46,11:45,09:45,2018.07.19,
CTA_4,2018.07.19 10:45,0.32,12:39,12:45,10:45,2018.07.19,
PLA_4,2018.07.19 09:45,0.27,11:42,11:45,09:45,2018.07.19,
PLA_4,2018.07.19 10:30,0.32,12:33,12:30,10:30,2018.07.19,
PLC_4,2018.07.19 10:00,1.4,12:05,12:00,10:00,2018.07.19,
PLC_4,2018.07.19 11:15,1.43,13:15,13:15,11:15,2018.07.19,
CTO_5,2018.07.19 10:15,0.31,12:16,12:15,10:15,2018.07.19,
CTO_5,2018.07.19 11:00,0.33,13:01,13:00,11:00,2018.07.19,
PLO_5,2018.07.19 10:15,0.24,12:20,12:15,10:15,2018.07.19,
PLO_5,2018.07.19 11:00,0.25,13:07,13:00,11:00,2018.07.19,
CTA_5,2018.07.19 09:45,0.25,11:52,11:45,09:45,2018.07.19,
CTA_5,2018.07.19 10:45,0.26,12:46,12:45,10:45,2018.07.19,
PLA_5,2018.07.19 10:00,0.16,11:57,12:00,10:00,2018.07.19,
PLA_5,2018.07.19 10:45,0.17,12:51,12:45,10:45,2018.07.19,
PLC_5,2018.07.19 10:15,1.37,12:11,12:15,10:15,2018.07.19,
PLC_5,2018.07.19 11:00,1.38,12:55,13:00,11:00,2018.07.19,
CTO_1,2018.08.07 08:45,0.58,10:46,10:45,08:45,2018.08.07,
CTO_1,2018.08.07 10:00,0.56,11:58,12:00,10:00,2018.08.07,
PLO_1,2018.08.07 08:45,0.46,10:51,10:45,08:45,2018.08.07,
PLO_1,2018.08.07 10:00,0.62,12:04,12:00,10:00,2018.08.07,
CTA_1,2018.08.07 08:30,0.22,10:35,10:30,08:30,2018.08.07,
CTA_1,2018.08.07 09:30,0.23,11:34,11:30,09:30,2018.08.07,
PLA_1,2018.08.07 08:45,0.28,10:41,10:45,08:45,2018.08.07,
PLA_1,2018.08.07 09:30,0.42,11:30,11:30,09:30,2018.08.07,
PLC_1,2018.08.07 08:45,0.78,10:41,10:45,08:45,2018.08.07,
PLC_1,2018.08.07 10:00,0.74,12:07,12:00,10:00,2018.08.07,
CTO_2,2018.08.07 09:00,0.39,11:02,11:00,09:00,2018.08.07,
CTO_2,2018.08.07 09:45,0.17,11:38,11:45,09:45,2018.08.07,
PLO_2,2018.08.07 09:00,0.41,10:57,11:00,09:00,2018.08.07,
PLO_2,2018.08.07 09:45,0.31,11:42,11:45,09:45,2018.08.07,
CTA_2,2018.08.07 08:45,0.17,10:46,10:45,08:45,2018.08.07,
CTA_2,2018.08.07 10:15,0.47,12:18,12:15,10:15,2018.08.07,
PLA_2,2018.08.07 08:45,0.22,10:46,10:45,08:45,2018.08.07,
PLA_2,2018.08.07 10:30,0.48,12:23,12:30,10:30,2018.08.07,
PLC_2,2018.08.07 09:00,0.61,11:07,11:00,09:00,2018.08.07,
PLC_2,2018.08.07 10:15,0.67,12:13,12:15,10:15,2018.08.07,
CTO_3,2018.08.07 09:15,0.55,11:15,11:15,09:15,2018.08.07,
CTO_3,2018.08.07 10:30,0.81,12:29,12:30,10:30,2018.08.07,
PLO_3,2018.08.07 09:15,0.33,11:21,11:15,09:15,2018.08.07,
PLO_3,2018.08.07 10:30,0.37,12:25,12:30,10:30,2018.08.07,
CTA_3,2018.08.07 09:00,0.22,10:57,11:00,09:00,2018.08.07,
CTA_3,2018.08.07 09:45,0.32,11:52,11:45,09:45,2018.08.07,
PLA_3,2018.08.07 09:00,0.19,11:01,11:00,09:00,2018.08.07,
PLA_3,2018.08.07 09:45,0.32,11:48,11:45,09:45,2018.08.07,
PLC_3,2018.08.07 09:15,0.97,11:10,11:15,09:15,2018.08.07,
PLC_3,2018.08.07 10:30,1.2,12:34,12:30,10:30,2018.08.07,
CTO_4,2018.08.07 09:30,0.65,11:34,11:30,09:30,2018.08.07,
CTO_4,2018.08.07 10:30,0.55,12:34,12:30,10:30,2018.08.07,
PLO_4,2018.08.07 09:30,0.56,11:29,11:30,09:30,2018.08.07,
PLO_4,2018.08.07 10:30,0.71,12:29,12:30,10:30,2018.08.07,
CTA_4,2018.08.07 09:15,0.34,11:12,11:15,09:15,2018.08.07,
CTA_4,2018.08.07 10:00,0.36,11:56,12:00,10:00,2018.08.07,
PLA_4,2018.08.07 09:00,0.57,11:07,11:00,09:00,2018.08.07,
PLA_4,2018.08.07 10:00,0.65,12:01,12:00,10:00,2018.08.07,
PLC_4,2018.08.07 09:00,1.36,11:04,11:00,09:00,2018.08.07,
PLC_4,2018.08.07 10:45,1.42,12:39,12:45,10:45,2018.08.07,
CTO_5,2018.08.07 09:45,0.55,11:48,11:45,09:45,2018.08.07,
CTO_5,2018.08.07 10:45,0.57,12:44,12:45,10:45,2018.08.07,
PLO_5,2018.08.07 10:00,0.28,11:53,12:00,10:00,2018.08.07,
PLO_5,2018.08.07 10:45,0.29,12:46,12:45,10:45,2018.08.07,
CTA_5,2018.08.07 09:15,0.25,11:16,11:15,09:15,2018.08.07,
CTA_5,2018.08.07 10:15,0.25,12:11,12:15,10:15,2018.08.07,
PLA_5,2018.08.07 09:30,0.32,11:23,11:30,09:30,2018.08.07,
PLA_5,2018.08.07 10:15,0.29,12:08,12:15,10:15,2018.08.07,
PLC_5,2018.08.07 09:45,1.01,11:43,11:45,09:45,2018.08.07,
PLC_5,2018.08.07 10:45,0.98,12:40,12:45,10:45,2018.08.07,
CTO_6,2018.08.07 08:45,1.41,10:51,10:45,08:45,2018.08.07,
CTO_6,2018.08.07 10:00,1.46,12:07,12:00,10:00,2018.08.07,
PLO_6,2018.08.07 09:00,1.13,10:56,11:00,09:00,2018.08.07,
PLO_6,2018.08.07 10:15,1.03,12:12,12:15,10:15,2018.08.07,
CTA_6,2018.08.07 09:00,0.23,11:03,11:00,09:00,2018.08.07,
CTA_6,2018.08.07 10:00,0.26,11:59,12:00,10:00,2018.08.07,
PLA_6,2018.08.07 09:00,0.77,10:58,11:00,09:00,2018.08.07,
PLA_6,2018.08.07 10:00,1.1,12:05,12:00,10:00,2018.08.07,
CTC_1,2018.08.07 09:00,1.21,11:01,11:00,09:00,2018.08.07,
CTC_1,2018.08.07 10:00,1.05,12:02,12:00,10:00,2018.08.07,
CTO_7,2018.08.07 09:15,0.45,11:16,11:15,09:15,2018.08.07,
CTO_7,2018.08.07 10:15,0.63,12:21,12:15,10:15,2018.08.07,
PLO_7,2018.08.07 09:15,0.59,11:11,11:15,09:15,2018.08.07,
PLO_7,2018.08.07 10:15,0.63,12:16,12:15,10:15,2018.08.07,
CTA_7,2018.08.07 09:15,0.25,11:09,11:15,09:15,2018.08.07,
CTA_7,2018.08.07 10:15,0.26,12:13,12:15,10:15,2018.08.07,
PLA_7,2018.08.07 09:15,0.4,11:14,11:15,09:15,2018.08.07,
PLA_7,2018.08.07 10:15,0.47,12:09,12:15,10:15,2018.08.07,
CTC_2,2018.08.07 09:00,0.93,11:06,11:00,09:00,2018.08.07,
CTC_2,2018.08.07 10:30,0.88,12:26,12:30,10:30,2018.08.07,
CTO_8,2018.08.07 09:15,0.26,11:19,11:15,09:15,2018.08.07,
CTO_8,2018.08.07 10:30,0.23,12:35,12:30,10:30,2018.08.07,
PLO_8,2018.08.07 09:30,0.23,11:24,11:30,09:30,2018.08.07,
PLO_8,2018.08.07 10:15,0.27,12:18,12:15,10:15,2018.08.07,
CTA_8,2018.08.07 09:30,0.26,11:24,11:30,09:30,2018.08.07,
CTA_8,2018.08.07 10:15,0.27,12:18,12:15,10:15,2018.08.07,
PLA_8,2018.08.07 09:15,0.25,11:19,11:15,09:15,2018.08.07,
PLA_8,2018.08.07 10:30,0.23,12:23,12:30,10:30,2018.08.07,
CTC_3,2018.08.07 09:30,0.56,11:29,11:30,09:30,2018.08.07,
CTC_3,2018.08.07 10:30,0.44,12:30,12:30,10:30,2018.08.07,
CTO_9,2018.08.07 09:45,0.5,11:44,11:45,09:45,2018.08.07,
CTO_9,2018.08.07 10:45,0.52,12:50,12:45,10:45,2018.08.07,
PLO_9,2018.08.07 09:45,0.54,11:39,11:45,09:45,2018.08.07,
PLO_9,2018.08.07 10:45,0.53,12:46,12:45,10:45,2018.08.07,
CTA_9,2018.08.07 09:30,0.23,11:33,11:30,09:30,2018.08.07,
CTA_9,2018.08.07 10:30,0.22,12:33,12:30,10:30,2018.08.07,
PLA_9,2018.08.07 09:30,0.52,11:37,11:30,09:30,2018.08.07,
PLA_9,2018.08.07 10:30,0.55,12:28,12:30,10:30,2018.08.07,
CTC_4,2018.08.07 09:30,0.58,11:33,11:30,09:30,2018.08.07,
CTC_4,2018.08.07 11:00,0.59,12:55,13:00,11:00,2018.08.07,
CTO_10,2018.08.07 09:45,0.55,11:52,11:45,09:45,2018.08.07,
CTO_10,2018.08.07 10:45,0.73,12:46,12:45,10:45,2018.08.07,
PLO_10,2018.08.07 09:45,0.6,11:48,11:45,09:45,2018.08.07,
PLO_10,2018.08.07 10:45,0.55,12:50,12:45,10:45,2018.08.07,
CTA_10,2018.08.07 09:45,0.26,11:50,11:45,09:45,2018.08.07,
CTA_10,2018.08.07 10:45,0.23,12:38,12:45,10:45,2018.08.07,
PLA_10,2018.08.07 09:45,0.42,11:45,11:45,09:45,2018.08.07,
PLA_10,2018.08.07 10:45,0.44,12:40,12:45,10:45,2018.08.07,
CTC_5,2018.08.07 10:00,1.34,11:57,12:00,10:00,2018.08.07,
CTC_5,2018.08.07 11:00,1.44,12:55,13:00,11:00,2018.08.07,
CTO_1,2018.08.28 09:00,0.47,10:59,11:00,09:00,2018.08.28,
CTO_1,2018.08.28 10:00,0.57,12:04,12:00,10:00,2018.08.28,
PLO_1,2018.08.28 09:00,0.4,10:54,11:00,09:00,2018.08.28,
PLO_1,2018.08.28 10:15,0.43,12:09,12:15,10:15,2018.08.28,
CTA_1,2018.08.28 08:45,0.12,10:42,10:45,08:45,2018.08.28,
CTA_1,2018.08.28 09:45,0.13,11:46,11:45,09:45,2018.08.28,
PLA_1,2018.08.28 08:45,0.24,10:47,10:45,08:45,2018.08.28,
PLA_1,2018.08.28 09:45,0.32,11:41,11:45,09:45,2018.08.28,
PLC_1,2018.08.28 08:45,0.5,10:48,10:45,08:45,2018.08.28,
PLC_1,2018.08.28 10:15,0.56,12:14,12:15,10:15,2018.08.28,
CTO_2,2018.08.28 09:00,0.26,11:03,11:00,09:00,2018.08.28,
CTO_2,2018.08.28 10:30,0.33,12:24,12:30,10:30,2018.08.28,
PLO_2,2018.08.28 09:15,0.24,11:08,11:15,09:15,2018.08.28,
PLO_2,2018.08.28 10:30,0.28,12:29,12:30,10:30,2018.08.28,
CTA_2,2018.08.28 09:00,0.11,11:00,11:00,09:00,2018.08.28,
CTA_2,2018.08.28 10:00,0.13,11:54,12:00,10:00,2018.08.28,
PLA_2,2018.08.28 09:00,0.2,10:55,11:00,09:00,2018.08.28,
PLA_2,2018.08.28 10:00,0.19,11:59,12:00,10:00,2018.08.28,
PLC_2,2018.08.28 09:15,0.59,11:14,11:15,09:15,2018.08.28,
PLC_2,2018.08.28 10:15,0.56,12:18,12:15,10:15,2018.08.28,
CTO_3,2018.08.28 09:30,0.4,11:26,11:30,09:30,2018.08.28,
CTO_3,2018.08.28 10:45,0.39,12:39,12:45,10:45,2018.08.28,
PLO_3,2018.08.28 09:15,0.32,11:22,11:15,09:15,2018.08.28,
PLO_3,2018.08.28 10:30,0.32,12:34,12:30,10:30,2018.08.28,
CTA_3,2018.08.28 09:00,0.24,11:04,11:00,09:00,2018.08.28,
CTA_3,2018.08.28 10:15,0.19,12:09,12:15,10:15,2018.08.28,
PLA_3,2018.08.28 09:15,0.21,11:09,11:15,09:15,2018.08.28,
PLA_3,2018.08.28 10:00,0.17,12:04,12:00,10:00,2018.08.28,
PLC_3,2018.08.28 09:15,1.03,11:17,11:15,09:15,2018.08.28,
PLC_3,2018.08.28 10:45,0.77,12:43,12:45,10:45,2018.08.28,
CTO_4,2018.08.28 09:30,0.26,11:32,11:30,09:30,2018.08.28,
CTO_4,2018.08.28 11:00,0.28,12:58,13:00,11:00,2018.08.28,
PLO_4,2018.08.28 09:30,0.31,11:36,11:30,09:30,2018.08.28,
PLO_4,2018.08.28 11:00,0.27,12:53,13:00,11:00,2018.08.28,
CTA_4,2018.08.28 09:30,0.18,11:24,11:30,09:30,2018.08.28,
CTA_4,2018.08.28 10:15,0.17,12:15,12:15,10:15,2018.08.28,
PLA_4,2018.08.28 09:15,0.22,11:19,11:15,09:15,2018.08.28,
PLA_4,2018.08.28 10:15,0.24,12:21,12:15,10:15,2018.08.28,
PLC_4,2018.08.28 09:45,1.05,11:42,11:45,09:45,2018.08.28,
PLC_4,2018.08.28 10:45,1.21,12:48,12:45,10:45,2018.08.28,
CTO_5,2018.08.28 10:00,0.38,11:58,12:00,10:00,2018.08.28,
CTO_5,2018.08.28 11:15,0.41,13:13,13:15,11:15,2018.08.28,
PLO_5,2018.08.28 10:00,0.17,11:53,12:00,10:00,2018.08.28,
PLO_5,2018.08.28 11:00,0.14,13:07,13:00,11:00,2018.08.28,
CTA_5,2018.08.28 09:30,0.14,11:29,11:30,09:30,2018.08.28,
CTA_5,2018.08.28 10:30,0.15,12:37,12:30,10:30,2018.08.28,
PLA_5,2018.08.28 09:30,0.14,11:34,11:30,09:30,2018.08.28,
PLA_5,2018.08.28 10:30,0.15,12:28,12:30,10:30,2018.08.28,
PLC_5,2018.08.28 09:45,0.82,11:46,11:45,09:45,2018.08.28,
PLC_5,2018.08.28 11:15,0.87,13:18,13:15,11:15,2018.08.28,
CTO_6,2018.08.29 09:00,1.29,10:54,11:00,09:00,2018.08.29,
CTO_6,2018.08.29 10:15,1.27,12:13,12:15,10:15,2018.08.29,
PLO_6,2018.08.29 09:00,0.62,11:04,11:00,09:00,2018.08.29,
PLO_6,2018.08.29 10:15,0.76,12:17,12:15,10:15,2018.08.29,
CTA_6,2018.08.29 08:45,0.16,10:46,10:45,08:45,2018.08.29,
CTA_6,2018.08.29 09:45,0.15,11:48,11:45,09:45,2018.08.29,
PLA_6,2018.08.29 09:00,0.71,10:57,11:00,09:00,2018.08.29,
PLA_6,2018.08.29 10:00,1,11:53,12:00,10:00,2018.08.29,
CTC_1,2018.08.29 08:45,0.89,10:49,10:45,08:45,2018.08.29,
CTC_1,2018.08.29 10:15,0.82,12:08,12:15,10:15,2018.08.29,
CTO_7,2018.08.29 09:30,0.24,11:31,11:30,09:30,2018.08.29,
CTO_7,2018.08.29 10:30,0.26,12:25,12:30,10:30,2018.08.29,
PLO_7,2018.08.29 09:15,0.31,11:09,11:15,09:15,2018.08.29,
PLO_7,2018.08.29 10:15,0.34,12:21,12:15,10:15,2018.08.29,
CTA_7,2018.08.29 09:15,0.13,11:08,11:15,09:15,2018.08.29,
CTA_7,2018.08.29 10:15,0.14,12:12,12:15,10:15,2018.08.29,
PLA_7,2018.08.29 09:15,0.24,11:13,11:15,09:15,2018.08.29,
PLA_7,2018.08.29 10:15,0.26,12:17,12:15,10:15,2018.08.29,
CTC_2,2018.08.29 09:15,0.53,11:18,11:15,09:15,2018.08.29,
CTC_2,2018.08.29 10:30,0.46,12:30,12:30,10:30,2018.08.29,
CTO_8,2018.08.29 09:30,0.15,11:27,11:30,09:30,2018.08.29,
CTO_8,2018.08.29 10:45,0.14,12:39,12:45,10:45,2018.08.29,
PLO_8,2018.08.29 09:30,0.12,11:31,11:30,09:30,2018.08.29,
PLO_8,2018.08.29 10:30,0.19,12:35,12:30,10:30,2018.08.29,
CTA_8,2018.08.29 09:30,0.15,11:23,11:30,09:30,2018.08.29,
CTA_8,2018.08.29 10:00,0.16,12:04,12:00,10:00,2018.08.29,
PLA_8,2018.08.29 09:15,0.15,11:18,11:15,09:15,2018.08.29,
PLA_8,2018.08.29 10:00,0.15,11:59,12:00,10:00,2018.08.29,
CTC_3,2018.08.29 09:15,0.38,11:22,11:15,09:15,2018.08.29,
CTC_3,2018.08.29 10:30,0.33,12:33,12:30,10:30,2018.08.29,
CTO_9,2018.08.29 09:45,0.32,11:45,11:45,09:45,2018.08.29,
CTO_9,2018.08.29 11:00,0.29,12:59,13:00,11:00,2018.08.29,
PLO_9,2018.08.29 09:30,0.31,11:36,11:30,09:30,2018.08.29,
PLO_9,2018.08.29 10:45,0.32,12:50,12:45,10:45,2018.08.29,
CTA_9,2018.08.29 09:30,0.13,11:28,11:30,09:30,2018.08.29,
CTA_9,2018.08.29 10:30,0.13,12:28,12:30,10:30,2018.08.29,
PLA_9,2018.08.29 09:30,0.28,11:32,11:30,09:30,2018.08.29,
PLA_9,2018.08.29 10:30,0.35,12:24,12:30,10:30,2018.08.29,
CTC_4,2018.08.29 09:45,0.37,11:40,11:45,09:45,2018.08.29,
CTC_4,2018.08.29 11:00,0.38,12:54,13:00,11:00,2018.08.29,
CTO_10,2018.08.29 09:45,0.38,11:49,11:45,09:45,2018.08.29,
CTO_10,2018.08.29 10:45,0.33,12:46,12:45,10:45,2018.08.29,
PLO_10,2018.08.29 10:00,0.3,11:59,12:00,10:00,2018.08.29,
PLO_10,2018.08.29 10:45,0.25,12:52,12:45,10:45,2018.08.29,
CTA_10,2018.08.29 09:45,0.14,11:42,11:45,09:45,2018.08.29,
CTA_10,2018.08.29 10:30,0.14,12:33,12:30,10:30,2018.08.29,
PLA_10,2018.08.29 09:30,0.23,11:37,11:30,09:30,2018.08.29,
PLA_10,2018.08.29 10:45,0.28,12:38,12:45,10:45,2018.08.29,
CTC_5,2018.08.29 10:00,1.02,12:04,12:00,10:00,2018.08.29,
CTC_5,2018.08.29 11:00,1.04,12:57,13:00,11:00,2018.08.29,
CTO_1,2018.09.20 08:15,0.58,10:13,10:15,08:15,2018.09.20,
CTO_1,2018.09.20 11:30,0.72,13:27,13:30,11:30,2018.09.20,
PLO_1,2018.09.20 08:15,0.38,10:19,10:15,08:15,2018.09.20,
PLO_1,2018.09.20 11:30,0.44,13:33,13:30,11:30,2018.09.20,
CTA_1,2018.09.20 08:00,0.2,10:03,10:00,08:00,2018.09.20,
CTA_1,2018.09.20 09:45,0.22,11:50,11:45,09:45,2018.09.20,
PLA_1,2018.09.20 08:15,0.26,10:10,10:15,08:15,2018.09.20,
PLA_1,2018.09.20 09:45,0.22,11:43,11:45,09:45,2018.09.20,
PLC_1,2018.09.20 08:00,0.92,10:05,10:00,08:00,2018.09.20,
PLC_1,2018.09.20 11:15,0.95,13:22,13:15,11:15,2018.09.20,
CTO_2,2018.09.20 08:30,0.28,10:30,10:30,08:30,2018.09.20,
CTO_2,2018.09.20 10:00,0.21,12:07,12:00,10:00,2018.09.20,
PLO_2,2018.09.20 08:30,0.27,10:24,10:30,08:30,2018.09.20,
PLO_2,2018.09.20 10:15,0.33,12:12,12:15,10:15,2018.09.20,
CTA_2,2018.09.20 08:30,0.13,10:27,10:30,08:30,2018.09.20,
CTA_2,2018.09.20 10:00,0.15,12:01,12:00,10:00,2018.09.20,
PLA_2,2018.09.20 08:15,0.29,10:22,10:15,08:15,2018.09.20,
PLA_2,2018.09.20 10:00,0.22,11:56,12:00,10:00,2018.09.20,
PLC_2,2018.09.20 08:30,0.95,10:35,10:30,08:30,2018.09.20,
PLC_2,2018.09.20 10:00,1.15,12:02,12:00,10:00,2018.09.20,
CTO_3,2018.09.20 08:45,0.17,10:52,10:45,08:45,2018.09.20,
CTO_3,2018.09.20 10:30,0.19,12:23,12:30,10:30,2018.09.20,
PLO_3,2018.09.20 08:45,0.29,10:47,10:45,08:45,2018.09.20,
PLO_3,2018.09.20 10:15,0.33,12:18,12:15,10:15,2018.09.20,
CTA_3,2018.09.20 08:30,0.25,10:33,10:30,08:30,2018.09.20,
CTA_3,2018.09.20 10:15,0.17,12:16,12:15,10:15,2018.09.20,
PLA_3,2018.09.20 07:00,0.23,09:07,09:00,07:00,2018.09.20,
PLA_3,2018.09.20 10:30,0.17,12:28,12:30,10:30,2018.09.20,
PLC_3,2018.09.20 08:45,1.11,10:40,10:45,08:45,2018.09.20,
PLC_3,2018.09.20 10:30,0.92,12:29,12:30,10:30,2018.09.20,
CTO_4,2018.09.20 09:00,0.25,10:58,11:00,09:00,2018.09.20,
CTO_4,2018.09.20 10:45,0.11,12:47,12:45,10:45,2018.09.20,
PLO_4,2018.09.20 09:00,0.34,11:04,11:00,09:00,2018.09.20,
PLO_4,2018.09.20 10:45,0.32,12:43,12:45,10:45,2018.09.20,
CTA_4,2018.09.20 08:45,0.22,10:52,10:45,08:45,2018.09.20,
CTA_4,2018.09.20 10:45,0.21,12:51,12:45,10:45,2018.09.20,
PLA_4,2018.09.20 08:45,0.23,10:44,10:45,08:45,2018.09.20,
PLA_4,2018.09.20 10:45,0.22,12:45,12:45,10:45,2018.09.20,
PLC_4,2018.09.20 09:15,1.26,11:12,11:15,09:15,2018.09.20,
PLC_4,2018.09.20 10:45,1.27,12:38,12:45,10:45,2018.09.20,
CTO_5,2018.09.20 09:30,0.15,11:24,11:30,09:30,2018.09.20,
CTO_5,2018.09.20 11:00,0.15,12:54,13:00,11:00,2018.09.20,
PLO_5,2018.09.20 09:30,0.18,11:29,11:30,09:30,2018.09.20,
PLO_5,2018.09.20 11:00,0.18,13:00,13:00,11:00,2018.09.20,
CTA_5,2018.09.20 09:15,0.2,11:15,11:15,09:15,2018.09.20,
CTA_5,2018.09.20 11:00,0.22,12:56,13:00,11:00,2018.09.20,
PLA_5,2018.09.20 09:15,0.19,11:20,11:15,09:15,2018.09.20,
PLA_5,2018.09.20 11:00,0.22,13:05,13:00,11:00,2018.09.20,
PLC_5,2018.09.20 09:15,1.57,11:17,11:15,09:15,2018.09.20,
PLC_5,2018.09.20 11:00,1.79,13:04,13:00,11:00,2018.09.20,
CTO_6,2018.09.26 09:45,0.62,11:49,11:45,09:45,2018.09.26,
CTO_6,2018.09.26 11:00,0.63,13:00,13:00,11:00,2018.09.26,
PLO_6,2018.09.26 09:45,0.16,11:44,11:45,09:45,2018.09.26,
PLO_6,2018.09.26 11:00,0.18,13:04,13:00,11:00,2018.09.26,
CTA_6,2018.09.26 09:45,0.04,11:46,11:45,09:45,2018.09.26,
CTA_6,2018.09.26 10:45,0.04,12:45,12:45,10:45,2018.09.26,
PLA_6,2018.09.26 09:45,0.23,11:51,11:45,09:45,2018.09.26,
PLA_6,2018.09.26 10:45,0.23,12:45,12:45,10:45,2018.09.26,
CTC_1,2018.09.26 10:00,0.8,11:53,12:00,10:00,2018.09.26,
CTC_1,2018.09.26 11:00,0.85,12:54,13:00,11:00,2018.09.26,
CTO_7,2018.09.26 10:00,0.08,12:03,12:00,10:00,2018.09.26,
CTO_7,2018.09.26 11:15,0.09,13:13,13:15,11:15,2018.09.26,
PLO_7,2018.09.26 10:15,0.13,12:09,12:15,10:15,2018.09.26,
PLO_7,2018.09.26 11:15,0.13,13:08,13:15,11:15,2018.09.26,
CTA_7,2018.09.26 10:00,0.04,12:06,12:00,10:00,2018.09.26,
CTA_7,2018.09.26 11:00,0.05,12:54,13:00,11:00,2018.09.26,
PLA_7,2018.09.26 10:00,0.12,11:56,12:00,10:00,2018.09.26,
PLA_7,2018.09.26 11:00,0.12,13:00,13:00,11:00,2018.09.26,
CTC_2,2018.09.26 10:00,0.26,11:59,12:00,10:00,2018.09.26,
CTC_2,2018.09.26 11:15,0.28,13:17,13:15,11:15,2018.09.26,
CTO_8,2018.09.26 10:15,0.07,12:18,12:15,10:15,2018.09.26,
CTO_8,2018.09.26 11:30,0.07,13:26,13:30,11:30,2018.09.26,
PLO_8,2018.09.26 10:15,0.05,12:12,12:15,10:15,2018.09.26,
PLO_8,2018.09.26 11:30,0.05,13:30,13:30,11:30,2018.09.26,
CTA_8,2018.09.26 10:15,0.05,12:12,12:15,10:15,2018.09.26,
CTA_8,2018.09.26 11:15,0.07,13:09,13:15,11:15,2018.09.26,
PLA_8,2018.09.26 10:15,0.06,12:18,12:15,10:15,2018.09.26,
PLA_8,2018.09.26 11:00,0.07,13:05,13:00,11:00,2018.09.26,
CTC_3,2018.09.26 10:15,0.2,12:22,12:15,10:15,2018.09.26,
CTC_3,2018.09.26 11:15,0.23,13:21,13:15,11:15,2018.09.26,
CTO_9,2018.09.26 10:30,0.08,12:36,12:30,10:30,2018.09.26,
CTO_9,2018.09.26 11:45,0.08,13:44,13:45,11:45,2018.09.26,
PLO_9,2018.09.26 10:30,0.1,12:32,12:30,10:30,2018.09.26,
PLO_9,2018.09.26 12:00,0.1,13:55,14:00,12:00,2018.09.26,
CTA_9,2018.09.26 10:30,0.06,12:29,12:30,10:30,2018.09.26,
CTA_9,2018.09.26 11:15,0.05,13:14,13:15,11:15,2018.09.26,
PLA_9,2018.09.26 10:30,0.18,12:23,12:30,10:30,2018.09.26,
PLA_9,2018.09.26 11:15,0.18,13:19,13:15,11:15,2018.09.26,
CTC_4,2018.09.26 10:30,0.29,12:27,12:30,10:30,2018.09.26,
CTC_4,2018.09.26 11:45,0.27,13:39,13:45,11:45,2018.09.26,
CTO_10,2018.09.26 10:45,0.08,12:40,12:45,10:45,2018.09.26,
CTO_10,2018.09.26 11:45,0.08,13:48,13:45,11:45,2018.09.26,
PLO_10,2018.09.26 10:45,0.07,12:45,12:45,10:45,2018.09.26,
PLO_10,2018.09.26 11:45,0.11,13:52,13:45,11:45,2018.09.26,
CTA_10,2018.09.26 10:30,0.05,12:34,12:30,10:30,2018.09.26,
CTA_10,2018.09.26 11:30,0.05,13:31,13:30,11:30,2018.09.26,
PLA_10,2018.09.26 10:45,0.07,12:39,12:45,10:45,2018.09.26,
PLA_10,2018.09.26 11:30,0.07,13:24,13:30,11:30,2018.09.26,
CTC_5,2018.09.26 10:45,0.59,12:50,12:45,10:45,2018.09.26,
CTC_5,2018.09.26 12:00,0.57,13:57,14:00,12:00,2018.09.26,
CTO_1,2018.10.10 09:45,0.47,11:52,11:45,09:45,2018.10.10,
CTO_1,2018.10.10 11:00,0.51,13:05,13:00,11:00,2018.10.10,
PLO_1,2018.10.10 09:45,0.26,11:46,11:45,09:45,2018.10.10,
PLO_1,2018.10.10 11:15,0.32,13:08,13:15,11:15,2018.10.10,
CTA_1,2018.10.10 09:45,0.12,11:41,11:45,09:45,2018.10.10,
CTA_1,2018.10.10 10:45,0.13,12:45,12:45,10:45,2018.10.10,
PLA_1,2018.10.10 09:45,0.15,11:46,11:45,09:45,2018.10.10,
PLA_1,2018.10.10 10:45,0.16,12:39,12:45,10:45,2018.10.10,
PLC_1,2018.10.10 09:45,0.78,11:41,11:45,09:45,2018.10.10,
PLC_1,2018.10.10 11:15,0.79,13:10,13:15,11:15,2018.10.10,
CTO_2,2018.10.10 10:00,0.18,11:57,12:00,10:00,2018.10.10,
CTO_2,2018.10.10 11:15,0.19,13:20,13:15,11:15,2018.10.10,
PLO_2,2018.10.10 10:00,0.18,12:03,12:00,10:00,2018.10.10,
PLO_2,2018.10.10 11:30,0.18,13:25,13:30,11:30,2018.10.10,
CTA_2,2018.10.10 10:00,0.1,11:57,12:00,10:00,2018.10.10,
CTA_2,2018.10.10 10:45,0.11,12:51,12:45,10:45,2018.10.10,
PLA_2,2018.10.10 09:45,0.15,11:52,11:45,09:45,2018.10.10,
PLA_2,2018.10.10 11:00,0.15,12:57,13:00,11:00,2018.10.10,
PLC_2,2018.10.10 10:15,0.85,12:10,12:15,10:15,2018.10.10,
PLC_2,2018.10.10 11:15,0.82,13:15,13:15,11:15,2018.10.10,
CTO_3,2018.10.10 10:15,0.15,12:19,12:15,10:15,2018.10.10,
CTO_3,2018.10.10 11:30,0.17,13:34,13:30,11:30,2018.10.10,
PLO_3,2018.10.10 10:30,0.28,12:24,12:30,10:30,2018.10.10,
PLO_3,2018.10.10 11:30,0.35,13:29,13:30,11:30,2018.10.10,
CTA_3,2018.10.10 10:00,0.11,12:02,12:00,10:00,2018.10.10,
CTA_3,2018.10.10 11:15,0.19,13:08,13:15,11:15,2018.10.10,
PLA_3,2018.10.10 10:00,0.1,12:06,12:00,10:00,2018.10.10,
PLA_3,2018.10.10 11:00,0.21,13:04,13:00,11:00,2018.10.10,
PLC_3,2018.10.10 10:15,1.04,12:14,12:15,10:15,2018.10.10,
PLC_3,2018.10.10 11:45,1.27,13:39,13:45,11:45,2018.10.10,
CTO_4,2018.10.10 10:30,0.16,12:34,12:30,10:30,2018.10.10,
CTO_4,2018.10.10 11:45,0.16,13:49,13:45,11:45,2018.10.10,
PLO_4,2018.10.10 10:30,0.2,12:30,12:30,10:30,2018.10.10,
PLO_4,2018.10.10 12:00,0.21,13:57,14:00,12:00,2018.10.10,
CTA_4,2018.10.10 10:15,0.13,12:18,12:15,10:15,2018.10.10,
CTA_4,2018.10.10 11:15,0.16,13:17,13:15,11:15,2018.10.10,
PLA_4,2018.10.10 10:15,0.17,12:14,12:15,10:15,2018.10.10,
PLA_4,2018.10.10 11:15,0.19,13:22,13:15,11:15,2018.10.10,
PLC_4,2018.10.10 10:45,0.9,12:39,12:45,10:45,2018.10.10,
PLC_4,2018.10.10 11:45,0.96,13:44,13:45,11:45,2018.10.10,
CTO_5,2018.10.10 10:45,0.14,12:49,12:45,10:45,2018.10.10,
CTO_5,2018.10.10 12:00,0.11,14:07,14:00,12:00,2018.10.10,
PLO_5,2018.10.10 11:00,0.14,12:54,13:00,11:00,2018.10.10,
PLO_5,2018.10.10 12:00,0.15,14:03,14:00,12:00,2018.10.10,
CTA_5,2018.10.10 10:30,0.13,12:26,12:30,10:30,2018.10.10,
CTA_5,2018.10.10 11:30,0.15,13:35,13:30,11:30,2018.10.10,
PLA_5,2018.10.10 10:30,0.12,12:35,12:30,10:30,2018.10.10,
PLA_5,2018.10.10 11:30,0.15,13:29,13:30,11:30,2018.10.10,
PLC_5,2018.10.10 10:45,1.21,12:45,12:45,10:45,2018.10.10,
PLC_5,2018.10.10 12:15,1.21,14:12,14:15,12:15,2018.10.10,
CTO_6,2018.10.11 12:30,0.71,14:23,14:30,12:30,2018.10.11,
CTO_6,2018.10.11 13:30,0.63,15:34,15:30,13:30,2018.10.11,
PLO_6,2018.10.11 12:30,0.26,14:27,14:30,12:30,2018.10.11,
PLO_6,2018.10.11 13:30,0.26,15:29,15:30,13:30,2018.10.11,
CTA_6,2018.10.11 12:15,0.1,14:16,14:15,12:15,2018.10.11,
CTA_6,2018.10.11 13:15,0.11,15:08,15:15,13:15,2018.10.11,
PLA_6,2018.10.11 12:15,1.01,14:22,14:15,12:15,2018.10.11,
PLA_6,2018.10.11 13:00,0.52,15:03,15:00,13:00,2018.10.11,
CTC_1,2018.10.11 12:15,0.74,14:18,14:15,12:15,2018.10.11,
CTC_1,2018.10.11 13:45,0.72,15:52,15:45,13:45,2018.10.11,
CTO_7,2018.10.11 12:30,0.19,14:33,14:30,12:30,2018.10.11,
CTO_7,2018.10.11 13:45,0.17,15:39,15:45,13:45,2018.10.11,
PLO_7,2018.10.11 12:30,0.28,14:37,14:30,12:30,2018.10.11,
PLO_7,2018.10.11 13:45,0.26,15:43,15:45,13:45,2018.10.11,
CTA_7,2018.10.11 12:30,0.11,14:31,14:30,12:30,2018.10.11,
CTA_7,2018.10.11 13:15,0.09,15:12,15:15,13:15,2018.10.11,
PLA_7,2018.10.11 12:30,0.23,14:27,14:30,12:30,2018.10.11,
PLA_7,2018.10.11 13:15,0.23,15:17,15:15,13:15,2018.10.11,
CTC_2,2018.10.11 12:45,0.37,14:41,14:45,12:45,2018.10.11,
CTC_2,2018.10.11 14:00,0.34,15:57,16:00,14:00,2018.10.11,
CTO_8,2018.10.11 12:45,0.11,14:51,14:45,12:45,2018.10.11,
CTO_8,2018.10.11 13:45,0.11,15:52,15:45,13:45,2018.10.11,
PLO_8,2018.10.11 13:00,0.09,14:57,15:00,13:00,2018.10.11,
PLO_8,2018.10.11 13:45,0.08,15:48,15:45,13:45,2018.10.11,
CTA_8,2018.10.11 12:30,0.09,14:35,14:30,12:30,2018.10.11,
CTA_8,2018.10.11 13:30,0.11,15:26,15:30,13:30,2018.10.11,
PLA_8,2018.10.11 12:45,0.1,14:40,14:45,12:45,2018.10.11,
PLA_8,2018.10.11 13:15,0.1,15:21,15:15,13:15,2018.10.11,
CTC_3,2018.10.11 12:45,0.19,14:46,14:45,12:45,2018.10.11,
CTC_3,2018.10.11 14:00,0.22,16:01,16:00,14:00,2018.10.11,
CTO_9,2018.10.11 13:00,0.12,15:06,15:00,13:00,2018.10.11,
CTO_9,2018.10.11 14:00,0.11,16:01,16:00,14:00,2018.10.11,
PLO_9,2018.10.11 13:00,0.15,15:01,15:00,13:00,2018.10.11,
PLO_9,2018.10.11 14:00,0.13,15:57,16:00,14:00,2018.10.11,
CTA_9,2018.10.11 12:45,0.08,14:49,14:45,12:45,2018.10.11,
CTA_9,2018.10.11 13:30,0.11,15:31,15:30,13:30,2018.10.11,
PLA_9,2018.10.11 12:45,0.28,14:45,14:45,12:45,2018.10.11,
PLA_9,2018.10.11 13:30,0.37,15:36,15:30,13:30,2018.10.11,
CTC_4,2018.10.11 13:15,0.3,15:10,15:15,13:15,2018.10.11,
CTC_4,2018.10.11 14:00,0.31,16:06,16:00,14:00,2018.10.11,
CTO_10,2018.10.11 13:15,0.25,15:20,15:15,13:15,2018.10.11,
CTO_10,2018.10.11 14:00,0.21,16:06,16:00,14:00,2018.10.11,
PLO_10,2018.10.11 13:30,0.16,15:24,15:30,13:30,2018.10.11,
PLO_10,2018.10.11 14:15,0.15,16:10,16:15,14:15,2018.10.11,
CTA_10,2018.10.11 13:00,0.1,14:54,15:00,13:00,2018.10.11,
CTA_10,2018.10.11 13:45,0.11,15:45,15:45,13:45,2018.10.11,
PLA_10,2018.10.11 13:00,0.22,14:58,15:00,13:00,2018.10.11,
PLA_10,2018.10.11 13:45,0.22,15:41,15:45,13:45,2018.10.11,
CTC_5,2018.10.11 13:15,0.72,15:15,15:15,13:15,2018.10.11,
CTC_5,2018.10.11 14:15,0.67,16:10,16:15,14:15,2018.10.11,
CTO_6,2018.10.30 09:45,4.36,10:43,10:45,09:45,2018.10.30,
CTO_6,2018.10.30 11:00,5.57,11:53,12:00,11:00,2018.10.30,
PLO_6,2018.10.30 09:45,4.73,10:38,10:45,09:45,2018.10.30,
PLO_6,2018.10.30 11:00,4.74,11:57,12:00,11:00,2018.10.30,
CTA_6,2018.10.30 09:30,0.07,10:30,10:30,09:30,2018.10.30,
CTA_6,2018.10.30 10:15,0.07,11:17,11:15,10:15,2018.10.30,
PLA_6,2018.10.30 09:15,0.88,10:22,10:15,09:15,2018.10.30,
PLA_6,2018.10.30 10:30,0.38,11:27,11:30,10:30,2018.10.30,
CTC_1,2018.10.30 09:45,2.22,10:47,10:45,09:45,2018.10.30,
CTC_1,2018.10.30 10:45,1.44,11:48,11:45,10:45,2018.10.30,
CTO_7,2018.10.30 10:00,2,11:00,11:00,10:00,2018.10.30,
CTO_7,2018.10.30 11:15,1.85,12:13,12:15,11:15,2018.10.30,
PLO_7,2018.10.30 10:00,2.2,10:55,11:00,10:00,2018.10.30,
PLO_7,2018.10.30 11:00,2.04,12:02,12:00,11:00,2018.10.30,
CTA_7,2018.10.30 09:45,0.08,10:44,10:45,09:45,2018.10.30,
CTA_7,2018.10.30 10:30,0.08,11:31,11:30,10:30,2018.10.30,
PLA_7,2018.10.30 09:30,0.26,10:37,10:30,09:30,2018.10.30,
PLA_7,2018.10.30 10:30,0.23,11:27,11:30,10:30,2018.10.30,
CTC_2,2018.10.30 09:45,0.75,10:51,10:45,09:45,2018.10.30,
CTC_2,2018.10.30 11:00,0.65,12:07,12:00,11:00,2018.10.30,
CTO_8,2018.10.30 10:00,1.25,11:05,11:00,10:00,2018.10.30,
CTO_8,2018.10.30 11:15,1.21,12:22,12:15,11:15,2018.10.30,
PLO_8,2018.10.30 10:15,0.67,11:09,11:15,10:15,2018.10.30,
PLO_8,2018.10.30 11:30,0.43,12:26,12:30,11:30,2018.10.30,
CTA_8,2018.10.30 09:45,0.09,10:48,10:45,09:45,2018.10.30,
CTA_8,2018.10.30 10:30,0.1,11:37,11:30,10:30,2018.10.30,
PLA_8,2018.10.30 10:00,0.1,10:53,11:00,10:00,2018.10.30,
PLA_8,2018.10.30 10:45,0.11,11:42,11:45,10:45,2018.10.30,
CTC_3,2018.10.30 10:15,0.62,11:14,11:15,10:15,2018.10.30,
CTC_3,2018.10.30 11:15,0.79,12:17,12:15,11:15,2018.10.30,
CTO_9,2018.10.30 10:30,0.84,11:25,11:30,10:30,2018.10.30,
CTO_9,2018.10.30 11:30,1.65,12:35,12:30,11:30,2018.10.30,
PLO_9,2018.10.30 10:30,2.36,11:30,11:30,10:30,2018.10.30,
PLO_9,2018.10.30 11:45,2.79,12:39,12:45,11:45,2018.10.30,
CTA_9,2018.10.30 10:00,0.09,10:57,11:00,10:00,2018.10.30,
CTA_9,2018.10.30 11:00,0.1,11:56,12:00,11:00,2018.10.30,
PLA_9,2018.10.30 10:00,0.3,11:03,11:00,10:00,2018.10.30,
PLA_9,2018.10.30 10:45,0.29,11:51,11:45,10:45,2018.10.30,
CTC_4,2018.10.30 10:15,1.17,11:20,11:15,10:15,2018.10.30,
CTC_4,2018.10.30 11:30,1.03,12:30,12:30,11:30,2018.10.30,
CTO_10,2018.10.30 10:45,3.41,11:38,11:45,10:45,2018.10.30,
CTO_10,2018.10.30 11:45,2.98,12:51,12:45,11:45,2018.10.30,
PLO_10,2018.10.30 10:30,1.54,11:34,11:30,10:30,2018.10.30,
PLO_10,2018.10.30 10:30,1.57,11:34,11:30,10:30,2018.10.30,
CTA_10,2018.10.30 10:15,0.08,11:12,11:15,10:15,2018.10.30,
CTA_10,2018.10.30 11:00,0.09,12:02,12:00,11:00,2018.10.30,
PLA_10,2018.10.30 10:15,0.14,11:08,11:15,10:15,2018.10.30,
PLA_10,2018.10.30 11:00,0.22,12:07,12:00,11:00,2018.10.30,
CTC_5,2018.10.30 10:45,1.75,11:45,11:45,10:45,2018.10.30,
CTC_5,2018.10.30 11:45,1.42,12:42,12:45,11:45,2018.10.30,
CTO_1,2018.10.31 09:30,0.31,10:26,10:30,09:30,2018.10.31,
CTO_1,2018.10.31 11:00,0.34,11:58,12:00,11:00,2018.10.31,
PLO_1,2018.10.31 09:30,0.17,10:33,10:30,09:30,2018.10.31,
PLO_1,2018.10.31 10:45,0.18,11:52,11:45,10:45,2018.10.31,
CTA_1,2018.10.31 09:30,0.08,10:30,10:30,09:30,2018.10.31,
CTA_1,2018.10.31 10:30,0.09,11:26,11:30,10:30,2018.10.31,
PLA_1,2018.10.31 09:30,0.9,10:36,10:30,09:30,2018.10.31,
PLA_1,2018.10.31 10:30,0.1,11:31,11:30,10:30,2018.10.31,
PLC_1,2018.10.31 09:45,0.65,10:45,10:45,09:45,2018.10.31,
PLC_1,2018.10.31 11:00,0.63,12:03,12:00,11:00,2018.10.31,
CTO_2,2018.10.31 10:00,0.14,10:53,11:00,10:00,2018.10.31,
CTO_2,2018.10.31 11:15,0.16,12:11,12:15,11:15,2018.10.31,
PLO_2,2018.10.31 10:00,0.16,11:00,11:00,10:00,2018.10.31,
PLO_2,2018.10.31 11:15,0.15,12:16,12:15,11:15,2018.10.31,
CTA_2,2018.10.31 09:45,0.17,10:41,10:45,09:45,2018.10.31,
CTA_2,2018.10.31 10:45,0.07,11:42,11:45,10:45,2018.10.31,
PLA_2,2018.10.31 09:45,0.15,10:51,10:45,09:45,2018.10.31,
PLA_2,2018.10.31 10:30,0.11,11:37,11:30,10:30,2018.10.31,
PLC_2,2018.10.31 09:45,0.47,10:40,10:45,09:45,2018.10.31,
PLC_2,2018.10.31 11:00,0.54,12:07,12:00,11:00,2018.10.31,
CTO_3,2018.10.31 10:15,0.1,11:09,11:15,10:15,2018.10.31,
CTO_3,2018.10.31 11:45,0.11,12:52,12:45,11:45,2018.10.31,
PLO_3,2018.10.31 10:00,0.1,11:04,11:00,10:00,2018.10.31,
PLO_3,2018.10.31 11:15,0.13,12:21,12:15,11:15,2018.10.31,
CTA_3,2018.10.31 10:00,0.07,10:58,11:00,10:00,2018.10.31,
CTA_3,2018.10.31 10:45,0.1,11:47,11:45,10:45,2018.10.31,
PLA_3,2018.10.31 10:00,0.15,10:54,11:00,10:00,2018.10.31,
PLA_3,2018.10.31 11:00,0.14,11:56,12:00,11:00,2018.10.31,
PLC_3,2018.10.31 10:15,0.57,11:14,11:15,10:15,2018.10.31,
PLC_3,2018.10.31 11:30,0.48,12:32,12:30,11:30,2018.10.31,
CTO_4,2018.10.31 10:30,0.1,11:24,11:30,10:30,2018.10.31,
CTO_4,2018.10.31 11:45,0.06,12:47,12:45,11:45,2018.10.31,
PLO_4,2018.10.31 10:30,0.08,11:28,11:30,10:30,2018.10.31,
PLO_4,2018.10.31 11:45,0.12,12:42,12:45,11:45,2018.10.31,
CTA_4,2018.10.31 10:00,0.08,11:04,11:00,10:00,2018.10.31,
CTA_4,2018.10.31 11:00,0.1,12:01,12:00,11:00,2018.10.31,
PLA_4,2018.10.31 10:15,0.09,11:09,11:15,10:15,2018.10.31,
PLA_4,2018.10.31 11:00,0.1,12:06,12:00,11:00,2018.10.31,
PLC_4,2018.10.31 10:15,0.64,11:19,11:15,10:15,2018.10.31,
PLC_4,2018.10.31 11:30,0.63,12:37,12:30,11:30,2018.10.31,
CTO_5,2018.10.31 10:30,0.12,11:35,11:30,10:30,2018.10.31,
CTO_5,2018.10.31 12:00,0.09,13:02,13:00,12:00,2018.10.31,
PLO_5,2018.10.31 10:45,0.12,11:47,11:45,10:45,2018.10.31,
PLO_5,2018.10.31 12:00,0.11,12:57,13:00,12:00,2018.10.31,
CTA_5,2018.10.31 10:15,0.09,11:20,11:15,10:15,2018.10.31,
CTA_5,2018.10.31 11:15,0.09,12:18,12:15,11:15,2018.10.31,
PLA_5,2018.10.31 11:00,0.08,11:57,12:00,11:00,2018.10.31,
PLA_5,2018.10.31 11:15,0.08,12:11,12:15,11:15,2018.10.31,
PLC_5,2018.10.31 10:45,0.64,11:41,11:45,10:45,2018.10.31,
PLC_5,2018.10.31 11:45,0.62,12:52,12:45,11:45,2018.10.31,
